E100013117_L01_96_1_fastqc;V3QRHD
E100016707_L01_101_1_fastqc;V3QWML
E100016768_L01_57_1_fastqc;V3R0O9
E100009772A_L01_60_1_fastqc;V3RGCA
E100015864_L01_82_1_fastqc;V3SIEJ
E100013135_L01_67_1_fastqc;V3TLP0
E100013118_L01_124_1_fastqc;V3U9VV
E100016707_L01_124_1_fastqc;V3V4R5
E100016770_L01_73_1_fastqc;V3V8M0
E100009727_L01_45_1_fastqc;V3VRBX
E100010953_L01_62_1_fastqc;V3VRTM
E100013421_L01_95_1_fastqc;V3W65A
E100016768_L01_38_1_fastqc;V3WVLS
E100013104_L01_37_1_fastqc;V3ZZZH
E100010235_L01_43_1_fastqc;V403E2
E100013100_L01_116_1_fastqc;V41WWG
E100013123_L01_116_1_fastqc;V41WWG
E100010235_L01_78_1_fastqc;V422N7
E100015864_L01_68_1_fastqc;V42X50
E100010924_L01_28_1_fastqc;V4388S
E100013117_L01_80_1_fastqc;V43FMX
E100013189_L01_52_1_fastqc;V43NBV
E100009678_L01_82_1_fastqc;V44S08
E100013128_L01_49_1_fastqc;V45C0T
E100013421_L01_35_1_fastqc;V45N04
E100013106_L01_100_1_fastqc;V46GGV
E100013465_L01_116_1_fastqc;V46NG6
E100009727_L01_48_1_fastqc;V47GD0
E100013189_L01_67_1_fastqc;V4824I
E100013465_L01_84_1_fastqc;V49CSW
E100013100_L01_2_1_fastqc;V4AA4Y
E100013123_L01_2_1_fastqc;V4AA4Y
E100013104_L01_89_1_fastqc;V4ALXV
E100013108_L01_85_1_fastqc;V4BDZE
E100009678_L01_13_1_fastqc;V4BF1X
E100013135_L01_98_1_fastqc;V4CLBM
E100013118_L01_29_1_fastqc;V4CXS7
E100016768_L01_52_1_fastqc;V4EHO7
E100016768_L01_82_1_fastqc;V4EROO
E100016707_L01_42_1_fastqc;V4HFBS
E100016707_L01_49_1_fastqc;V4HMN4
E100013118_L01_121_1_fastqc;V4HQPV
E100013128_L01_45_1_fastqc;V4IZR2
E100013108_L01_103_1_fastqc;V4IZWO
E100013465_L01_124_1_fastqc;V4J3DG
E100016707_L01_81_1_fastqc;V4JH2B
E100013189_L01_64_1_fastqc;V4K1M4
E100013124_L01_46_1_fastqc;V4KZ09
E100013118_L01_65_1_fastqc;V4LPYS
E100013117_L01_121_1_fastqc;V4LXO6
E100010235_L01_89_1_fastqc;V4NR6R
E100013117_L01_25_1_fastqc;V4O7YS
E100009678_L01_89_1_fastqc;V4OF9T
E100013421_L01_80_1_fastqc;V4OKLR
E100012874_L01_38_1_fastqc;V4OU5B
E100013104_L01_127_1_fastqc;V4OUOI
E100015864_L01_26_1_fastqc;V4PAWM
E100013106_L01_114_1_fastqc;V4R2BO
E100015864_L01_39_1_fastqc;V4RE1W
E100013100_L01_68_1_fastqc;V4S8AO
E100013123_L01_68_1_fastqc;V4S8AO
E100013124_L01_122_1_fastqc;V4SFLT_2
E100009727_L01_87_1_fastqc;V4SYGX
E100010924_L01_126_1_fastqc;V4T8FP
E100016768_L01_30_1_fastqc;V4T9C9
E100009887_L01_26_1_fastqc;V4U4F1
E100013118_L01_69_1_fastqc;V4UO31
E100013124_L01_59_1_fastqc;V4UTSV
E100013117_L01_79_1_fastqc;V4VMJ8
E100013118_L01_79_1_fastqc;V4X3XF
E100013458_L01_29_1_fastqc;V4Y7HA
E100013117_L01_123_1_fastqc;V4Y8TL
E100009887_L01_79_1_fastqc;V4Z0XV
E100013117_L01_64_1_fastqc;V4Z3GI
E100016768_L01_80_1_fastqc;V4ZIYY
E100016707_L01_67_1_fastqc;V502CT
E100010924_L01_98_1_fastqc;V51DMC
E100013189_L01_80_1_fastqc;V51GBD
E100013108_L01_87_1_fastqc;V51OWV
E100016707_L01_56_1_fastqc;V528AK
E100013421_L01_25_1_fastqc;V538VT
E100013100_L01_128_1_fastqc;V53FDC
E100010924_L01_80_1_fastqc;V53IWZ
E100013458_L01_70_1_fastqc;V53X58
E100013128_L01_67_1_fastqc;V549I8
E100013100_L01_49_1_fastqc;V54HHN
E100013123_L01_49_1_fastqc;V54HHN
E100013135_L01_75_1_fastqc;V55KOT
E100013189_L01_124_1_fastqc;V56X8J
E100010924_L01_48_1_fastqc;V57SFJ
E100010953_L01_4_1_fastqc;V58H3M
E100013465_L01_63_1_fastqc;V5A626
E100013104_L01_69_1_fastqc;V5CSNP
E100016770_L01_60_1_fastqc;V5F8BY
E100013135_L01_42_1_fastqc;V5F9JY
E100016768_L01_87_1_fastqc;V5FT1E
E100013135_L01_128_1_fastqc;V5G37R
E100016770_L01_64_1_fastqc;V5GQ5O
E100013106_L01_94_1_fastqc;V5HE1I
E100010953_L01_80_1_fastqc;V5IE2U
E100013108_L01_92_1_fastqc;V5IPFI
E100013124_L01_121_1_fastqc;V5K18Z
E100009678_L01_62_1_fastqc;V5KQYE
E100016770_L01_122_1_fastqc;V5LLKT
E100010924_L01_95_1_fastqc;V5M6T7
E100013104_L01_95_1_fastqc;V5MLEE
E100015864_L01_70_1_fastqc;V5NIUH
E100009887_L01_30_1_fastqc;V5PHPV
E100013100_L01_91_1_fastqc;V5PYEC
E100013123_L01_91_1_fastqc;V5PYEC
E100009887_L01_52_1_fastqc;V5QHW0
E100010953_L01_101_1_fastqc;V5QIRQ
E100013108_L01_69_1_fastqc;V5RCKV
E100013106_L01_59_1_fastqc;V5RFHW
E100009772A_L01_94_1_fastqc;V5RT3Y
E100013135_L01_32_1_fastqc;V5SBKS
E100016768_L01_29_1_fastqc;V5TGN9
E100016768_L01_83_1_fastqc;V5ULXX
E100013108_L01_86_1_fastqc;V5VXYK
E100016707_L01_14_1_fastqc;V5Y6CN
E100013108_L01_68_1_fastqc;V5YC9E
E100013458_L01_71_1_fastqc;V5ZSBB
E100013465_L01_87_1_fastqc;V601ZE
E100012874_L01_114_1_fastqc;V60A10
E100013104_L01_25_1_fastqc;V60HX3
E100009727_L01_13_1_fastqc;V61VLS
E100013100_L01_4_1_fastqc;V6255X
E100013123_L01_4_1_fastqc;V6255X
E100015864_L01_99_1_fastqc;V62CWJ
E100013100_L01_70_1_fastqc;V63613
E100013123_L01_70_1_fastqc;V63613
E100010235_L01_104_1_fastqc;V63O1J
E100009887_L01_99_1_fastqc;V643W3
E100010924_L01_38_1_fastqc;V64BY5
E100013189_L01_3_1_fastqc;V667ET
E100013421_L01_81_1_fastqc;V66RV6
E100013104_L01_14_1_fastqc;V66SVJ
E100016770_L01_67_1_fastqc;V67E83
E100009772A_L01_34_1_fastqc;V67RSJ
E100012874_L01_95_1_fastqc;V680SY
E100013135_L01_74_1_fastqc;V68KXR
E100013135_L01_3_1_fastqc;V69MNU
E100010924_L01_71_1_fastqc;V6A7TA
E100016770_L01_127_1_fastqc;V6B09P
E100010924_L01_16_1_fastqc;V6DKWB
E100013117_L01_51_1_fastqc;V6DO26
E100016707_L01_74_1_fastqc;V6DPVZ
E100013124_L01_104_1_fastqc;V6ERPW
E100013128_L01_2_1_fastqc;V6FAO7
E100010235_L01_61_1_fastqc;V6G6IG
E100013465_L01_85_1_fastqc;V6H0MM
E100009678_L01_104_1_fastqc;V6HUPY
E100016707_L01_73_1_fastqc;V6JQBG
E100016707_L01_97_1_fastqc;V6LFOA
E100013108_L01_78_1_fastqc;V6LGKV
E100009678_L01_16_1_fastqc;V6LSYW
E100013108_L01_104_1_fastqc;V6MAK5
E100016770_L01_61_1_fastqc;V6OS4F
E100015864_L01_66_1_fastqc;V6P7D2
E100013108_L01_80_1_fastqc;V6PGJM
E100012874_L01_117_1_fastqc;V6QVBQ
E100013118_L01_80_1_fastqc;V6QVQM
E100010924_L01_70_1_fastqc;V6RL47
E100013108_L01_53_1_fastqc;V6SF50
E100010924_L01_4_1_fastqc;V6SUUS
E100009887_L01_80_1_fastqc;V6SZC7
E100010953_L01_63_1_fastqc;V6TYKF
E100015864_L01_35_1_fastqc;V6U9CP
E100009887_L01_81_1_fastqc;V6VKWU
E100013117_L01_73_1_fastqc;V6VPVZ
E100013117_L01_81_1_fastqc;V6WAJC
E100016770_L01_98_1_fastqc;V6WFKS
E100013106_L01_86_1_fastqc;V6XH8G
E100009727_L01_82_1_fastqc;V6YM6N
E100013465_L01_65_1_fastqc;V70F47
E100013128_L01_57_1_fastqc;V75JUD
E100009887_L01_49_1_fastqc;V76NWH
E100013124_L01_80_1_fastqc;V76R3R
E100010235_L01_90_1_fastqc;V7737A
E100013135_L01_126_1_fastqc;V7774F
E100013100_L01_3_1_fastqc;V77S6P
E100013123_L01_3_1_fastqc;V77S6P
E100016770_L01_101_1_fastqc;V79TII
E100013118_L01_62_1_fastqc;V79WFU
E100013108_L01_25_1_fastqc;V7B29S
E100010235_L01_114_1_fastqc;V7CDL5
E100010924_L01_104_1_fastqc;V7CKE8
E100013465_L01_126_1_fastqc;V7EM4L
E100009772A_L01_92_1_fastqc;V7FFHH
E100013458_L01_99_1_fastqc;V7FW1R
E100010235_L01_33_1_fastqc;V7H80T
E100013108_L01_35_1_fastqc;V7HAZ8
E100016707_L01_92_1_fastqc;V7HJF3
E100013108_L01_97_1_fastqc;V7I6LF
E100009678_L01_73_1_fastqc;V7IKOL
E100010924_L01_96_1_fastqc;V7IMXI
E100013117_L01_72_1_fastqc;V7K3RV
E100013458_L01_93_1_fastqc;V7LAPG
E100013100_L01_45_1_fastqc;V7LVPE
E100013123_L01_45_1_fastqc;V7LVPE
E100013124_L01_58_1_fastqc;V7MUGL
E100016707_L01_90_1_fastqc;V7NMEF
E100013128_L01_127_1_fastqc;V7O2TS
E100010235_L01_44_1_fastqc;V7OJZJ
E100013108_L01_28_1_fastqc;V7OQ6K
E100010953_L01_87_1_fastqc;V7OWGM
E100016707_L01_30_1_fastqc;V7P0DC
E100016707_L01_102_1_fastqc;V7QAH0
E100009887_L01_104_1_fastqc;V7QC6G
E100013128_L01_128_1_fastqc;V7QQFG
E100012874_L01_39_1_fastqc;V7R14R
E100013128_L01_25_1_fastqc;V7RTZY
E100013124_L01_98_1_fastqc;V7RW2S
E100009772A_L01_95_1_fastqc;V7S9L3
E100016768_L01_91_1_fastqc;V7SA3J
E100007551_L01_87_1_fastqc;V7SILO
E100016768_L01_64_1_fastqc;V7SOO2
E100013104_L01_63_1_fastqc;V7U5FH
E100009678_L01_43_1_fastqc;V7UCXM
E100016707_L01_122_1_fastqc;V7VDAG
E100016707_L01_61_1_fastqc;V7WXC4
E100013108_L01_127_1_fastqc;V7WYEK
E100009887_L01_78_1_fastqc;V7Z87V
E100013108_L01_58_1_fastqc;V81G8X
E100016707_L01_89_1_fastqc;V83E8E
E100009887_L01_35_1_fastqc;V83J8S
E100009678_L01_2_1_fastqc;V840ET
E100010235_L01_60_1_fastqc;V86C7X
E100016770_L01_117_1_fastqc;V86YNU
E100013189_L01_33_1_fastqc;V87R7C
E100012874_L01_81_1_fastqc;V88BZU
E100010953_L01_64_1_fastqc;V88HBJ
E100013117_L01_78_1_fastqc;V89PC5
E100015864_L01_121_1_fastqc;V89RUE
E100015864_L01_72_1_fastqc;V8A6PN
E100013421_L01_88_1_fastqc;V8A98P
E100007551_L01_83_1_fastqc;V8B7AS
E100009678_L01_36_1_fastqc;V8BF42
E100010924_L01_39_1_fastqc;V8D7YS
E100016707_L01_114_1_fastqc;V8DTN6
E100013458_L01_91_1_fastqc;V8DUSF
E100013104_L01_97_1_fastqc;V8EA78
E100010924_L01_3_1_fastqc;V8EITX
E100013421_L01_125_1_fastqc;V8F17Q
E100013135_L01_46_1_fastqc;V8F1JC
E100013108_L01_41_1_fastqc;V8FXNG
E100013421_L01_1_1_fastqc;V8GA84
E100010953_L01_41_1_fastqc;V8GRSX
E100010953_L01_32_1_fastqc;V8HDFI
E100009887_L01_32_1_fastqc;V8I8N1
E100013118_L01_16_1_fastqc;V8IY68
E100010235_L01_48_1_fastqc;V8IZTN
E100013128_L01_117_1_fastqc;V8J4MU
E100009727_L01_16_1_fastqc;V8J895
E100012874_L01_48_1_fastqc;V8K3YM
E100009678_L01_84_1_fastqc;V8L57V
E100010235_L01_35_1_fastqc;V8L9OK
E100015864_L01_116_1_fastqc;V8M1K2
E100010235_L01_65_1_fastqc;V8MITO
E100015864_L01_88_1_fastqc;V8NRLG
E100009727_L01_4_1_fastqc;V8ODQ7
E100013124_L01_103_1_fastqc;V8PAF4
E100013189_L01_71_1_fastqc;V8Q521
E100013128_L01_34_1_fastqc;V8QAVH
E100013458_L01_57_1_fastqc;V8QFOK
E100013108_L01_30_1_fastqc;V8QO3N
E100009887_L01_56_1_fastqc;V8R1TD
E100013100_L01_60_1_fastqc;V8R4AG
E100013123_L01_60_1_fastqc;V8R4AG
E100013189_L01_72_1_fastqc;V8RHG3
E100013117_L01_128_1_fastqc;V8RU1D
E100012874_L01_64_1_fastqc;V8SX5M
E100010924_L01_78_1_fastqc;V8WCPE
E100016768_L01_58_1_fastqc;V8X023
E100013421_L01_32_1_fastqc;V8XAUP
E100009772A_L01_26_1_fastqc;V8XI8Q
E100013124_L01_53_1_fastqc;V8XMND
E100010924_L01_33_1_fastqc;V8Y03S
E100013106_L01_74_1_fastqc;V9072B
E100016707_L01_69_1_fastqc;V90RVA
E100013106_L01_78_1_fastqc;V919Q2
E100013128_L01_79_1_fastqc;V92CZ1
E100013108_L01_60_1_fastqc;V9381G
E100016770_L01_126_1_fastqc;V942L6
E100010924_L01_72_1_fastqc;V944TO
E100013118_L01_74_1_fastqc;V95KM2
E100012874_L01_45_1_fastqc;V964S0
E100016768_L01_98_1_fastqc;V96QEP
E100016768_L01_41_1_fastqc;V96VVO
E100013104_L01_61_1_fastqc;V97EBU
E100013106_L01_127_1_fastqc;V97J9Z
E100010953_L01_61_1_fastqc;V98RCE
E100013124_L01_128_1_fastqc;V9930Y
E100010953_L01_55_1_fastqc;V99AA5
E100013458_L01_58_1_fastqc;V9B933
E100013128_L01_75_1_fastqc;V9CUTJ
E100013117_L01_67_1_fastqc;V9CZ1H
E100009772A_L01_35_1_fastqc;V9DHHW
E100013128_L01_42_1_fastqc;V9DYXM
E100010235_L01_124_1_fastqc;V9E4VW
E100013108_L01_16_1_fastqc;V9E7KF
E100016707_L01_4_1_fastqc;V9EN4M
E100013124_L01_4_1_fastqc;V9GGFQ
E100016707_L01_117_1_fastqc;V9GL9Z
E100013104_L01_77_1_fastqc;V9GP2F
E100009727_L01_62_1_fastqc;V9GZZQ
E100013465_L01_81_1_fastqc;V9HGKF
E100013458_L01_104_1_fastqc;V9HJCC
E100010924_L01_47_1_fastqc;V9I1IC
E100016768_L01_25_1_fastqc;V9I1JH
E100013421_L01_114_1_fastqc;V9IP0Z
E100013106_L01_97_1_fastqc;V9J61N
E100013106_L01_15_1_fastqc;V9JP03
E100012874_L01_89_1_fastqc;V9KDRC
E100013104_L01_117_1_fastqc;V9KN8S
E100013106_L01_67_1_fastqc;V9KP7B
E100016707_L01_65_1_fastqc;V9KTIJ
E100009678_L01_102_1_fastqc;V9LGD5
E100010924_L01_101_1_fastqc;V9LH4H
E100016707_L01_1_1_fastqc;V9LSS5
E100013104_L01_46_1_fastqc;V9OLUV
E100013421_L01_85_1_fastqc;V9QGG2
E100016707_L01_58_1_fastqc;V9QT74
E100009887_L01_98_1_fastqc;V9RXC6
E100010953_L01_104_1_fastqc;V9SUG3
E100013100_L01_115_1_fastqc;V9SV4C
E100013123_L01_115_1_fastqc;V9SV4C
E100016770_L01_56_1_fastqc;V9SW05
E100009727_L01_14_1_fastqc;V9T3WX
E100009772A_L01_82_1_fastqc;V9TIKS
E100013118_L01_46_1_fastqc;V9TITB
E100012874_L01_25_1_fastqc;V9U38S
E100010924_L01_123_1_fastqc;V9U6M4
E100013118_L01_84_1_fastqc;V9UYJ4
E100013128_L01_66_1_fastqc;V9V2LZ
E100009887_L01_15_1_fastqc;V9V7VJ
E100010953_L01_28_1_fastqc;V9VUWS
E100007551_L01_81_1_fastqc;V9WA5N
E100013189_L01_58_1_fastqc;V9WLQY
E100009772A_L01_53_1_fastqc;V9X8MH
E100010235_L01_84_1_fastqc;V9XR3F
E100016707_L01_95_1_fastqc;V9Y37D
E100013465_L01_70_1_fastqc;V9Z3VE
E100015864_L01_101_1_fastqc;V9ZBXY
E100015864_L01_79_1_fastqc;VA004Z
E100009678_L01_60_1_fastqc;VA0JBX
E100013118_L01_35_1_fastqc;VA0W2A
E100010924_L01_34_1_fastqc;VA1O8B
E100013124_L01_30_1_fastqc;VA1T4X
E100013118_L01_2_1_fastqc;VA2M1E
E100013108_L01_50_1_fastqc;VA3FYE
E100010953_L01_73_1_fastqc;VA3VD0
E100012874_L01_65_1_fastqc;VA5SKQ
E100016768_L01_96_1_fastqc;VA7CU4
E100013458_L01_100_1_fastqc;VA8FKJ
E100010235_L01_34_1_fastqc;VA8RLI
E100013104_L01_84_1_fastqc;VA8SXT
E100010924_L01_74_1_fastqc;VA8XPB
E100013458_L01_84_1_fastqc;VA9K4R
E100013124_L01_71_1_fastqc;VAEQ34
E100016768_L01_36_1_fastqc;VAERO7
E100009887_L01_121_1_fastqc;VAFLNX
E100010924_L01_2_1_fastqc;VAG4Q8
E100012874_L01_34_1_fastqc;VAGG3N
E100010924_L01_32_1_fastqc;VAGYAN
E100010924_L01_86_1_fastqc;VAH772
E100009727_L01_121_1_fastqc;VITHFR
E100013104_L01_68_1_fastqc;VJ1AZM
E100009727_L01_65_1_fastqc;VJ9PB6
E100013135_L01_92_1_fastqc;VL4EV4
E100015864_L01_102_1_fastqc;VL63BJ
E100010953_L01_65_1_fastqc;VL6UTA
E100013100_L01_58_1_fastqc;VL76KG
E100013123_L01_58_1_fastqc;VL76KG
E100013106_L01_92_1_fastqc;VL7GBF
E100009772A_L01_42_1_fastqc;VL8GTZ
E100010924_L01_88_1_fastqc;VL8KLM
E100016768_L01_71_1_fastqc;VL95AH
E100013465_L01_90_1_fastqc;VLB6XN
E100009772A_L01_36_1_fastqc;VLBFMN
E100015864_L01_76_1_fastqc;VLC38X
E100013108_L01_13_1_fastqc;VLC8WS
E100009772A_L01_121_1_fastqc;VLD38Y_1
E100012874_L01_102_1_fastqc;VLD38Y_2
E100016707_L01_33_1_fastqc;VLDIQY
E100013189_L01_25_1_fastqc;VLDR27
E100013108_L01_59_1_fastqc;VLDTT7
E100009772A_L01_67_1_fastqc;VLE13N
E100013100_L01_101_1_fastqc;VLEGC4
E100013123_L01_101_1_fastqc;VLEGC4
E100016770_L01_69_1_fastqc;VLFQHT
E100013108_L01_81_1_fastqc;VLHVAI
E100009772A_L01_114_1_fastqc;VLIJAX
E100009772A_L01_100_1_fastqc;VLIN2S
E100013100_L01_43_1_fastqc;VLINVF
E100013123_L01_43_1_fastqc;VLINVF
E100013458_L01_117_1_fastqc;VLJW9A
E100012874_L01_90_1_fastqc;VLMK5J
E100016707_L01_99_1_fastqc;VLNL5L
E100013458_L01_114_1_fastqc;VLOX6X
E100009772A_L01_66_1_fastqc;VLP13D
E100010924_L01_35_1_fastqc;VLPANX
E100010924_L01_61_1_fastqc;VLPRN6
E100013124_L01_3_1_fastqc;VLQ8JO
E100013118_L01_93_1_fastqc;VLRI2K
E100013100_L01_51_1_fastqc;VLRVA5
E100013123_L01_51_1_fastqc;VLRVA5
E100013100_L01_35_1_fastqc;VLU9Q2
E100013123_L01_35_1_fastqc;VLU9Q2
E100016707_L01_123_1_fastqc;VLUM7Y
E100010235_L01_59_1_fastqc;VLUVF1
E100013100_L01_84_1_fastqc;VLV8KB
E100013123_L01_84_1_fastqc;VLV8KB
E100013465_L01_28_1_fastqc;VLW4N4
E100009887_L01_75_1_fastqc;VLW92V
E100013458_L01_95_1_fastqc;VLWM8H
E100010953_L01_46_1_fastqc;VLZ378
E100013108_L01_125_1_fastqc;VLZSIR
E100015864_L01_73_1_fastqc;VLZWJD
E100009678_L01_67_1_fastqc;VM06OR
E100013421_L01_66_1_fastqc;VM0DLN
E100013465_L01_47_1_fastqc;VM0N9D
E100010924_L01_13_1_fastqc;VM0X77
E100016707_L01_3_1_fastqc;VM10DN
E100013106_L01_76_1_fastqc;VM1846
E100016768_L01_35_1_fastqc;VM1E7S
E100009772A_L01_38_1_fastqc;VM1T1W
E100010953_L01_126_1_fastqc;VM2ETE
E100013118_L01_36_1_fastqc;VM2QR6
E100013100_L01_122_1_fastqc;VM59UA
E100013123_L01_122_1_fastqc;VM59UA
E100010924_L01_82_1_fastqc;VM6FOP
E100013108_L01_99_1_fastqc;VM6N5L
E100010953_L01_91_1_fastqc;VM6XPK
E100009772A_L01_62_1_fastqc;VM6ZKQ
E100016770_L01_116_1_fastqc;VM72AL
E100013465_L01_69_1_fastqc;VM7X3E
E100016770_L01_79_1_fastqc;VM87HG
E100010953_L01_124_1_fastqc;VM901L
E100013118_L01_72_1_fastqc;VM9INH
E100009887_L01_115_1_fastqc;VM9PPT
E100010953_L01_45_1_fastqc;VMAX9W
E100013118_L01_56_1_fastqc;VMB8U1
E100013117_L01_102_1_fastqc;VMBNA8
E100013100_L01_30_1_fastqc;VMDUO8
E100013123_L01_30_1_fastqc;VMDUO8
E100015864_L01_124_1_fastqc;VMDV2X
E100013106_L01_4_1_fastqc;VMEWF3
E100013135_L01_95_1_fastqc;VMEXEG
E100013106_L01_117_1_fastqc;VMF9IK
E100009772A_L01_69_1_fastqc;VMFS0X
E100009887_L01_50_1_fastqc;VMFSOR
E100015864_L01_96_1_fastqc;VMIPDW
E100013465_L01_94_1_fastqc;VMJ7UM
E100016768_L01_93_1_fastqc;VMJIGS
E100013458_L01_86_1_fastqc;VMJVUD
E100009727_L01_117_1_fastqc;VMKFSI
E100013118_L01_76_1_fastqc;VMKWWO
E100013124_L01_82_1_fastqc;VMN87H
E100010235_L01_93_1_fastqc;VMNI89
E100010924_L01_92_1_fastqc;VMNKO9
E100013106_L01_38_1_fastqc;VMNXC0
E100013100_L01_90_1_fastqc;VMODDK
E100013123_L01_90_1_fastqc;VMODDK
E100009772A_L01_50_1_fastqc;VMP3XV
E100013100_L01_75_1_fastqc;VMP5T1
E100013123_L01_75_1_fastqc;VMP5T1
E100013458_L01_122_1_fastqc;VMQ99A
E100013100_L01_37_1_fastqc;VMRQCT
E100013123_L01_37_1_fastqc;VMRQCT
E100016770_L01_81_1_fastqc;VMRRWQ
E100015864_L01_64_1_fastqc;VMSK1H
E100013465_L01_60_1_fastqc;VMSLRW
E100009727_L01_60_1_fastqc;VMSN9G
E100013108_L01_115_1_fastqc;VMT71W
E100013189_L01_78_1_fastqc;VMTBJR
E100013458_L01_35_1_fastqc;VMTD4W
E100013100_L01_85_1_fastqc;VMTNSJ
E100013123_L01_85_1_fastqc;VMTNSJ
E100016768_L01_95_1_fastqc;VMTTQ3
E100010924_L01_87_1_fastqc;VMU8O5
E100016768_L01_126_1_fastqc;VMWTB1
E100013118_L01_100_1_fastqc;VMWY6J
E100013117_L01_1_1_fastqc;VMY7BP
E100013106_L01_104_1_fastqc;VMY8WP
E100016707_L01_43_1_fastqc;VMYG00
E100010953_L01_16_1_fastqc;VMZEZA
E100013458_L01_3_1_fastqc;VMZPS4
E100009678_L01_42_1_fastqc;VMZQ3D
E100013189_L01_117_1_fastqc;VN0I2Z
E100013135_L01_61_1_fastqc;VN17VH
E100009678_L01_75_1_fastqc;VN1BRJ
E100013124_L01_66_1_fastqc;VN3F9Z
E100010924_L01_41_1_fastqc;VN3X88
E100013421_L01_116_1_fastqc;VN49UR
E100010924_L01_26_1_fastqc;VN5HVM
E100009678_L01_77_1_fastqc;VN6Z2N
E100013108_L01_94_1_fastqc;VN82H4
E100015864_L01_83_1_fastqc;VN8TW5
E100009772A_L01_1_1_fastqc;VN9VJN
E100013124_L01_75_1_fastqc;VNANKL
E100010235_L01_41_1_fastqc;VNB54O
E100013100_L01_97_1_fastqc;VNCNG4
E100013123_L01_97_1_fastqc;VNCNG4
E100015864_L01_98_1_fastqc;VND2S0
E100009887_L01_74_1_fastqc;VNDJYN
E100009678_L01_103_1_fastqc;VNEPCB
E100016768_L01_101_1_fastqc;VNEPK5
E100013117_L01_71_1_fastqc;VNESQE
E100009678_L01_100_1_fastqc;VNEY5D
E100010235_L01_77_1_fastqc;VNFCLU
E100015864_L01_127_1_fastqc;VNFDEB
E100016770_L01_125_1_fastqc;VNFFBI
E100013421_L01_55_1_fastqc;VNFGPR
E100013108_L01_55_1_fastqc;VNFOKA
E100013135_L01_83_1_fastqc;VNG5IL
E100016770_L01_49_1_fastqc;VNGHHG
E100013421_L01_99_1_fastqc;VNGQLZ
E100016707_L01_51_1_fastqc;VNGRZW
E100013189_L01_41_1_fastqc;VNHTOG
E100013465_L01_66_1_fastqc;VNIDA4
E100012874_L01_85_1_fastqc;VNIMGS
E100013117_L01_62_1_fastqc;VNMN8R
E100016770_L01_36_1_fastqc;VNN89Q
E100010953_L01_26_1_fastqc;VNNCHP
E100013189_L01_122_1_fastqc;VNOCNL
E100009772A_L01_28_1_fastqc;VNPJQ6
E100016770_L01_74_1_fastqc;VNQ5GI
E100015864_L01_13_1_fastqc;VNQSJI
E100009727_L01_123_1_fastqc;VNQX61
E100009772A_L01_52_1_fastqc;VNR0VZ
E100016770_L01_38_1_fastqc;VNRX6D
E100013189_L01_63_1_fastqc;VNS89H
E100013108_L01_45_1_fastqc;VNT34C
E100007551_L01_14_1_fastqc;VNTBNE
E100010924_L01_36_1_fastqc;VNTV62
E100013118_L01_103_1_fastqc;VNUYDW
E100009678_L01_69_1_fastqc;VNV45D
E100016770_L01_58_1_fastqc;VNVOI6
E100013421_L01_49_1_fastqc;VNW9A6
E100013108_L01_88_1_fastqc;VNW9ZT
E100013124_L01_14_1_fastqc;VNWDAJ
E100013465_L01_29_1_fastqc;VNZPGL
E100010924_L01_90_1_fastqc;VO0KDF
E100013124_L01_86_1_fastqc;VO10X6
E100016770_L01_29_1_fastqc;VO136C
E100013458_L01_121_1_fastqc;VO137J
E100015864_L01_128_1_fastqc;VO4UIJ
E100013100_L01_33_1_fastqc;VO51QN
E100013123_L01_33_1_fastqc;VO51QN
E100013128_L01_43_1_fastqc;VO615S
E100013118_L01_1_1_fastqc;VO7OKN
E100013118_L01_127_1_fastqc;VO8KEN
E100016770_L01_78_1_fastqc;VO99M5
E100013108_L01_70_1_fastqc;VOA27A
E100013106_L01_53_1_fastqc;VOBZCR
E100009887_L01_67_1_fastqc;VODRSB
E100013124_L01_16_1_fastqc;VOEUON
E100016768_L01_43_1_fastqc;VOF48A
E100009887_L01_60_1_fastqc;VOFI2M
E100013465_L01_41_1_fastqc;VOFL4F
E100016707_L01_85_1_fastqc;VOGJHG
E100013189_L01_128_1_fastqc;VOITEI
E100016770_L01_124_1_fastqc;VOJRKI
E100013118_L01_60_1_fastqc;VOK6OK
E100013421_L01_97_1_fastqc;VOKWVZ
E100009678_L01_37_1_fastqc;VOL824
E100015864_L01_62_1_fastqc;VOLROE
E100013108_L01_34_1_fastqc;VOM3UI
E100013117_L01_125_1_fastqc;VOMGL7
E100009887_L01_84_1_fastqc;VOMGYR
E100010953_L01_98_1_fastqc;VOMLT7
E100013118_L01_94_1_fastqc;VOMVLT
E100013465_L01_30_1_fastqc;VON1OO
E100012874_L01_70_1_fastqc;VONRWL
E100013118_L01_59_1_fastqc;VOP1SN
E100013100_L01_121_1_fastqc;VOPJ66
E100013123_L01_121_1_fastqc;VOPJ66
E100016707_L01_36_1_fastqc;VOQGH9
E100016770_L01_103_1_fastqc;VOQN6P
E100009772A_L01_30_1_fastqc;VOQPVZ
E100015864_L01_36_1_fastqc;VOQVKL
E100010924_L01_128_1_fastqc;VORG59
E100013128_L01_46_1_fastqc;VORP1W
E100013118_L01_71_1_fastqc;VORW0X
E100010924_L01_97_1_fastqc;VOSNBO
E100010235_L01_62_1_fastqc;VOTG1P
E100012874_L01_42_1_fastqc;VOTV59
E100013421_L01_3_1_fastqc;VOTVAJ
E100013117_L01_101_1_fastqc;VOUC5X
E100010953_L01_114_1_fastqc;VOUWF9
E100016770_L01_41_1_fastqc;VOV210
E100009887_L01_14_1_fastqc;VOVWGM
E100013118_L01_33_1_fastqc;VOXT2J
E100009678_L01_55_1_fastqc;VOY9J1
E100009887_L01_34_1_fastqc;VOYTTK
E100010924_L01_57_1_fastqc;VOZCYB
E100013100_L01_64_1_fastqc;VOZVY6
E100013465_L01_48_1_fastqc;VP08G6
E100009772A_L01_59_1_fastqc;VP0I94
E100013189_L01_115_1_fastqc;VP0LAZ
E100010924_L01_116_1_fastqc;VP1E9L
E100013118_L01_57_1_fastqc;VP2L0L
E100013108_L01_114_1_fastqc;VP2P3K
E100015864_L01_34_1_fastqc;VP2R0N
E100010953_L01_78_1_fastqc;VP3037
E100013458_L01_73_1_fastqc;VP3UH4
E100012874_L01_72_1_fastqc;VP4CBR
E100010953_L01_13_1_fastqc;VP4Q2E
E100012874_L01_71_1_fastqc;VP59J7
E100009772A_L01_83_1_fastqc;VP5W8F
E100016768_L01_45_1_fastqc;VP5ZAB
E100009887_L01_124_1_fastqc;VP6Y2S
E100009678_L01_1_1_fastqc;VP8AMJ
E100013117_L01_99_1_fastqc;VP8PV0
E100016768_L01_60_1_fastqc;VP8ZEE
E100016770_L01_43_1_fastqc;VPADD6
E100009772A_L01_122_1_fastqc;VPBCJE
E100009772A_L01_25_1_fastqc;VPC4LA
E100013100_L01_79_1_fastqc;VPDPCM
E100013100_L01_47_1_fastqc;VPE8BL
E100013118_L01_37_1_fastqc;VPEB3X
E100009772A_L01_102_1_fastqc;VPF8F3
E100010953_L01_77_1_fastqc;VPGT81
E100009772A_L01_15_1_fastqc;VPHQUZ
E100009887_L01_125_1_fastqc;VPI3HC
E100013108_L01_100_1_fastqc;VPIJ0G
E100015864_L01_57_1_fastqc;VPIK16
E100016768_L01_73_1_fastqc;VPJNP0
E100009887_L01_58_1_fastqc;VPKOZ2
E100009678_L01_4_1_fastqc;VPL82X
E100013117_L01_15_1_fastqc;VPLEJL
E100009727_L01_47_1_fastqc;VPM2UP
E100013100_L01_25_1_fastqc;VPMSNG
E100013123_L01_25_1_fastqc;VPMSNG
E100010924_L01_115_1_fastqc;VPNE3S
E100013135_L01_86_1_fastqc;VPNRH4
E100013100_L01_77_1_fastqc;VPO5E3
E100013123_L01_77_1_fastqc;VPO5E3
E100013106_L01_28_1_fastqc;VPOVJ1
E100009772A_L01_64_1_fastqc;VPP5FT
E100012874_L01_96_1_fastqc;VPQUXC
E100009678_L01_71_1_fastqc;VPT3AV
E100013104_L01_93_1_fastqc;VPT49P
E100009772A_L01_72_1_fastqc;VPTF7M
E100013458_L01_127_1_fastqc;VPWQBS
E100015864_L01_114_1_fastqc;VPXQ5M
E100013421_L01_126_1_fastqc;VPXUOZ
E100009678_L01_30_1_fastqc;VPZGBE
E100010924_L01_45_1_fastqc;VPZUUX
E100009887_L01_89_1_fastqc;VQ1HHR
E100009887_L01_77_1_fastqc;VYJX9R
E100013189_L01_86_1_fastqc;VMQ74P
E100013104_L01_75_1_fastqc;VMS7TR
E100013104_L01_60_1_fastqc;VOLN58
E100010235_L01_76_1_fastqc;VV7XIW
E100013189_L01_87_1_fastqc;VV877S
E100013135_L01_15_1_fastqc;VV8Z54
E100012874_L01_87_1_fastqc;VV9PVW
E100013117_L01_75_1_fastqc;VV9YAM
E100016707_L01_48_1_fastqc;VVAE9L
E100009772A_L01_77_1_fastqc;VVCMVB
E100009887_L01_59_1_fastqc;VVEIXI
E100012874_L01_126_1_fastqc;VVGG3U
E100013124_L01_87_1_fastqc;VVGMJE
E100013189_L01_89_1_fastqc;VVH18D
E100013189_L01_48_1_fastqc;VVHM1U
E100016768_L01_114_1_fastqc;VVIEIZ
E100013117_L01_91_1_fastqc;VVIPL7
E100009772A_L01_68_1_fastqc;VVJS40
E100010924_L01_100_1_fastqc;VVK3XC
E100013106_L01_34_1_fastqc;VVLHKJ
E100007551_L01_89_1_fastqc;VVLSK3
E100013421_L01_37_1_fastqc;VVMFY7
E100010924_L01_122_1_fastqc;VVMH8R
E100013106_L01_123_1_fastqc;VVMU5W
E100013458_L01_80_1_fastqc;VVOBA0
E100013124_L01_39_1_fastqc;VVQEDC
E100013124_L01_56_1_fastqc;VVQZMP
E100013117_L01_95_1_fastqc;VVRBSV
E100016768_L01_55_1_fastqc;VVS7GN
E100013106_L01_13_1_fastqc;VVS9OY
E100009772A_L01_117_1_fastqc;VVS9ZY
E100016768_L01_97_1_fastqc;VVUUAW
E100016768_L01_85_1_fastqc;VVVC0F
E100016770_L01_50_1_fastqc;VVVODK
E100016768_L01_46_1_fastqc;VVYRCJ
E100016770_L01_80_1_fastqc;VW1191
E100013128_L01_50_1_fastqc;VW29UH
E100015864_L01_87_1_fastqc;VW4N4P
E100009678_L01_48_1_fastqc;VW575C
E100010235_L01_122_1_fastqc;VW59XJ
E100010235_L01_53_1_fastqc;VW5DGL
E100013458_L01_46_1_fastqc;VW5OH8
E100013465_L01_101_1_fastqc;VW622R
E100009678_L01_96_1_fastqc;VW683D
E100009772A_L01_46_1_fastqc;VW6QOI
E100013108_L01_122_1_fastqc;VW6TX4
E100009727_L01_86_1_fastqc;VW7FU7
E100013124_L01_92_1_fastqc;VW8DN6
E100015864_L01_45_1_fastqc;VW8KUI
E100016768_L01_63_1_fastqc;VWALAI
E100013118_L01_125_1_fastqc;VWBH1L
E100016770_L01_76_1_fastqc;VWBL93
E100013104_L01_125_1_fastqc;VWBMOB
E100013465_L01_117_1_fastqc;VWC1V7
E100009772A_L01_29_1_fastqc;VWD8FI
E100012874_L01_80_1_fastqc;VWDJSA
E100016770_L01_32_1_fastqc;VWF3HM
E100013100_L01_66_1_fastqc;VWGA93
E100013123_L01_66_1_fastqc;VWGA93
E100013118_L01_101_1_fastqc;VWGBH0
E100013100_L01_67_1_fastqc;VWGSZQ
E100013123_L01_67_1_fastqc;VWGSZQ
E100013104_L01_55_1_fastqc;VWH508
E100013128_L01_55_1_fastqc;VWIFK7
E100009678_L01_45_1_fastqc;VWJHOD
E100009887_L01_82_1_fastqc;VWKCGE
E100013106_L01_115_1_fastqc;VWKR11
E100013100_L01_29_1_fastqc;VWKZ0R
E100013123_L01_29_1_fastqc;VWKZ0R
E100013189_L01_85_1_fastqc;VWLZJN
E100015864_L01_103_1_fastqc;VWM3TF
E100016768_L01_94_1_fastqc;VWM3TQ
E100013189_L01_26_1_fastqc;VWNFTU
E100013135_L01_16_1_fastqc;VWO9OM
E100013135_L01_90_1_fastqc;VWP2I5
E100013106_L01_62_1_fastqc;VWPC7H
E100010953_L01_1_1_fastqc;VWPR2L
E100016768_L01_79_1_fastqc;VWQ8LQ
E100013108_L01_29_1_fastqc;VWQMAK
E100010953_L01_43_1_fastqc;VWRSLA
E100013100_L01_95_1_fastqc;VWSHOI
E100010235_L01_79_1_fastqc;VWSUHB
E100013100_L01_98_1_fastqc;VWT2R8
E100013123_L01_98_1_fastqc;VWT2R8
E100013124_L01_85_1_fastqc;VWTYJT
E100013135_L01_88_1_fastqc;VWU26B
E100013465_L01_62_1_fastqc;VWVHMO
E100016707_L01_93_1_fastqc;VWVHZE
E100013117_L01_86_1_fastqc;VWW8IN
E100009887_L01_65_1_fastqc;VWWX1X
E100009772A_L01_44_1_fastqc;VWX93I
E100009772A_L01_76_1_fastqc;VWX9IF
E100009887_L01_90_1_fastqc;VWXKPI
E100013118_L01_77_1_fastqc;VWXSYY
E100012874_L01_75_1_fastqc;VWZEWE
E100009887_L01_114_1_fastqc;VWZL8M
E100013465_L01_99_1_fastqc;VWZXUB
E100013108_L01_73_1_fastqc;VX0PX6
E100009678_L01_128_1_fastqc;VX2W7U
E100013465_L01_123_1_fastqc;VX38WF
E100013135_L01_87_1_fastqc;VX4EUO
E100010924_L01_76_1_fastqc;VX5N7I
E100013421_L01_70_1_fastqc;VX64PI
E100016770_L01_89_1_fastqc;VX6G26
E100013128_L01_96_1_fastqc;VX6S2O
E100016768_L01_117_1_fastqc;VX72LD
E100016768_L01_39_1_fastqc;VX7EQ1
E100013465_L01_96_1_fastqc;VX8HDR
E100013458_L01_16_1_fastqc;VX9Z3C
E100015864_L01_89_1_fastqc;VXAIBG
E100010953_L01_74_1_fastqc;VXCM76
E100013124_L01_51_1_fastqc;VXD4WU
E100016770_L01_82_1_fastqc;VXDTV6
E100013100_L01_94_1_fastqc;VXEZEM
E100013123_L01_94_1_fastqc;VXEZEM
E100010953_L01_39_1_fastqc;VXF28B
E100013458_L01_79_1_fastqc;VXGCCZ
E100015864_L01_16_1_fastqc;VXGRN0
E100012874_L01_32_1_fastqc;VXI6G1
E100015864_L01_63_1_fastqc;VXJ3KK
E100015864_L01_52_1_fastqc;VXJXFE
E100013104_L01_81_1_fastqc;VXKYPO
E100009678_L01_29_1_fastqc;VXL3GC
E100012874_L01_13_1_fastqc;VXLDIP
E100013118_L01_47_1_fastqc;VXLKFV
E100013104_L01_53_1_fastqc;VXN2H8
E100013458_L01_69_1_fastqc;VXNEKE
E100013106_L01_122_1_fastqc;VXOAVV
E100007551_L01_57_1_fastqc;VXQVSJ
E100013100_L01_125_1_fastqc;VXQY6V
E100013123_L01_125_1_fastqc;VXQY6V
E100013118_L01_13_1_fastqc;VXRM5W
E100016768_L01_67_1_fastqc;VXRT9Y
E100013465_L01_25_1_fastqc;VXRVLR
E100009772A_L01_123_1_fastqc;VXT9A3
E100013106_L01_3_1_fastqc;VXUGXK
E100013106_L01_42_1_fastqc;VXVYX8
E100012874_L01_84_1_fastqc;VXWUK7
E100016770_L01_121_1_fastqc;VXXJ9D
E100016770_L01_53_1_fastqc;VXZTBT
E100010235_L01_45_1_fastqc;VY0VG1
E100016770_L01_57_1_fastqc;VY1744
E100013124_L01_42_1_fastqc;VY1MD3
E100013117_L01_100_1_fastqc;VY1MGO
E100010924_L01_125_1_fastqc;VY1Y1Y
E100010953_L01_67_1_fastqc;VY25ST
E100016770_L01_46_1_fastqc;VY2CA4
E100010953_L01_93_1_fastqc;VY2EDD
E100013117_L01_117_1_fastqc;VY2X73
E100013117_L01_3_1_fastqc;VY31L5
E100009727_L01_26_1_fastqc;VY36ZZ
E100016770_L01_47_1_fastqc;VY53DF
E100013128_L01_1_1_fastqc;VY5LA8
E100010235_L01_74_1_fastqc;VY824V
E100013421_L01_36_1_fastqc;VY8NWU
E100013135_L01_47_1_fastqc;VY8TD7
E100013108_L01_63_1_fastqc;VY8TVB
E100013108_L01_33_1_fastqc;VYAHM9
E100013106_L01_48_1_fastqc;VYAI5J
E100010924_L01_89_1_fastqc;VYAXOA
E100013189_L01_45_1_fastqc;VYBENH
E100016707_L01_91_1_fastqc;VYBILN
E100013100_L01_59_1_fastqc;VYBPKM
E100013123_L01_59_1_fastqc;VYBPKM
E100013118_L01_49_1_fastqc;VYBQC2
E100013106_L01_63_1_fastqc;VYBVHT
E100013189_L01_2_1_fastqc;VYBWF5
E100013118_L01_41_1_fastqc;VYCU1M
E100009772A_L01_13_1_fastqc;VYGCM7
E100013100_L01_63_1_fastqc;VYHHE1
E100013189_L01_88_1_fastqc;VYHIBD
E100010924_L01_63_1_fastqc;VYHR28
E100010235_L01_95_1_fastqc;VYHVL7
E100009772A_L01_48_1_fastqc;VYI4ZJ
E100010924_L01_15_1_fastqc;VYIC4O
E100010235_L01_116_1_fastqc;VYJOVS
E100013458_L01_82_1_fastqc;VYJY1Q
E100016768_L01_4_1_fastqc;VYL9BR
E100013458_L01_125_1_fastqc;VYMT00
E100013100_L01_39_1_fastqc;VYN8HQ
E100013189_L01_32_1_fastqc;VYNR2D
E100010953_L01_79_1_fastqc;VYOWGU
E100009678_L01_81_1_fastqc;VYOWVQ
E100016770_L01_33_1_fastqc;VYP34W
E100009772A_L01_65_1_fastqc;VYR5E2
E100013465_L01_33_1_fastqc;VYRK9P
E100013117_L01_97_1_fastqc;VYS8D6
E100013118_L01_96_1_fastqc;VYSCTF
E100013117_L01_127_1_fastqc;VYST3I
E100015864_L01_58_1_fastqc;VYT2M7
E100013124_L01_37_1_fastqc;VYTTP7
E100013124_L01_32_1_fastqc;VYTUQB
E100013108_L01_77_1_fastqc;VYV2O5
E100016768_L01_74_1_fastqc;VYVFO8
E100009727_L01_83_1_fastqc;VYW543
E100009678_L01_39_1_fastqc;VYWBYK
E100010924_L01_94_1_fastqc;VYWGO6
E100013421_L01_4_1_fastqc;VYWOWJ
E100010924_L01_103_1_fastqc;VYYIUL
E100009887_L01_62_1_fastqc;VYZ4IW
E100015864_L01_61_1_fastqc;VYZFIT
E100013189_L01_123_1_fastqc;VZ130X
E100013104_L01_56_1_fastqc;VZ1AH2
E100013128_L01_65_1_fastqc;VZ1KA0
E100009727_L01_127_1_fastqc;VZ31BQ
E100009887_L01_123_1_fastqc;VZ3XB1
E100015864_L01_123_1_fastqc;VZ4EH6
E100013135_L01_127_1_fastqc;VZ4H9M
E100009727_L01_69_1_fastqc;VZ5D83
E100009678_L01_76_1_fastqc;VZ5RV3
E100009678_L01_44_1_fastqc;VZ5XUL
E100007551_L01_85_1_fastqc;VZ6D5K
E100010953_L01_127_1_fastqc;VZ6Z5D
E100009727_L01_15_1_fastqc;VZ7UAZ
E100013458_L01_60_1_fastqc;VZ7YSM
E100013465_L01_53_1_fastqc;VZ8AXD
E100013108_L01_44_1_fastqc;VZ9NE7
E100013108_L01_61_1_fastqc;VZC7MM
E100015864_L01_29_1_fastqc;VZCLH2
E100013458_L01_25_1_fastqc;VZDFL5
E100009887_L01_71_1_fastqc;VZDRC2
E100013465_L01_68_1_fastqc;VZESF9
E100013117_L01_93_1_fastqc;VZEXSW
E100013421_L01_14_1_fastqc;VZG7T1
E100013189_L01_79_1_fastqc;VZGDBV
E100016770_L01_71_1_fastqc;VZGZLV
E100013104_L01_103_1_fastqc;VZHO9I
E100016768_L01_75_1_fastqc;VZHOAT
E100013117_L01_69_1_fastqc;VZHXCJ
E100009772A_L01_103_1_fastqc;VZIO94
E100009887_L01_126_1_fastqc;VZIVTO
E100013118_L01_53_1_fastqc;VZJ5WW
E100010953_L01_99_1_fastqc;VZJICJ
E100009678_L01_115_1_fastqc;VZK77E
E100013124_L01_123_1_fastqc;VZMDR2
E100013124_L01_83_1_fastqc;VZMLUK
E100016768_L01_37_1_fastqc;VZOMOW
E100013421_L01_58_1_fastqc;VZQLWU
E100013106_L01_26_1_fastqc;VZQYWY
E100009678_L01_66_1_fastqc;VZR2LZ
E100013189_L01_82_1_fastqc;VZR42V
E100013458_L01_128_1_fastqc;VZSPJW
E100009772A_L01_57_1_fastqc;VZSQ0C
E100010953_L01_88_1_fastqc;VZTMOW
E100015864_L01_25_1_fastqc;VZUFR8
E100013100_L01_15_1_fastqc;VZWEWM
E100013100_L01_102_1_fastqc;VZXIHP
E100013123_L01_102_1_fastqc;VZXIHP
E100013189_L01_90_1_fastqc;VZY957
E100013108_L01_62_1_fastqc;VZYSJ2
E100013124_L01_125_1_fastqc;VZZW6V
E100013128_L01_60_1_fastqc;VJMD0H
E100013104_L01_50_1_fastqc;VKF5G4
E100013117_L01_68_1_fastqc;VL3YTE
E100013135_L01_125_1_fastqc;VL9SET
E100009727_L01_57_1_fastqc;VM14J6
E100013465_L01_128_1_fastqc;VQ1Q2F
E100012874_L01_55_1_fastqc;VQ2927
E100012874_L01_78_1_fastqc;VQ314N
E100013135_L01_102_1_fastqc;VQ3FT7
E100013124_L01_68_1_fastqc;VQ4UIF
E100013458_L01_67_1_fastqc;VQ5VOB
E100013104_L01_104_1_fastqc;VQ6AHI
E100009727_L01_43_1_fastqc;VQ6DFN
E100009887_L01_53_1_fastqc;VQ6PWW
E100013117_L01_41_1_fastqc;VQ6TOF
E100013108_L01_71_1_fastqc;VQ7LS0
E100010953_L01_92_1_fastqc;VQ7P8H
E100013458_L01_36_1_fastqc;VQ8K41
E100013421_L01_98_1_fastqc;VQ9NJP
E100013118_L01_43_1_fastqc;VQA2Y4
E100013465_L01_14_1_fastqc;VQB5FK
E100015864_L01_74_1_fastqc;VQB9DQ
E100010235_L01_81_1_fastqc;VQBE96
E100013108_L01_38_1_fastqc;VQBMPT
E100013465_L01_88_1_fastqc;VQCCRA
E100009772A_L01_43_1_fastqc;VQD5BP
E100013465_L01_34_1_fastqc;VQD73F
E100009727_L01_92_1_fastqc;VQE3KC
E100010924_L01_30_1_fastqc;VQEB4Q
E100012874_L01_53_1_fastqc;VQEP3U
E100013118_L01_32_1_fastqc;VQF7CE
E100013118_L01_70_1_fastqc;VQFHUE
E100009887_L01_128_1_fastqc;VQFR36
E100013189_L01_15_1_fastqc;VQFSDB
E100009772A_L01_63_1_fastqc;VQG3OF
E100010924_L01_73_1_fastqc;VQHZJF
E100015864_L01_14_1_fastqc;VQI6N0
E100015864_L01_30_1_fastqc;VQK2TS
E100012874_L01_33_1_fastqc;VQK41X
E100009678_L01_98_1_fastqc;VQL6B7
E100012874_L01_94_1_fastqc;VQLPI3
E100009678_L01_3_1_fastqc;VQO0S6
E100016770_L01_65_1_fastqc;VQO5VH
E100015864_L01_92_1_fastqc;VQQ90U
E100010235_L01_126_1_fastqc;VQQY3T
E100016768_L01_124_1_fastqc;VQRCOI
E100012874_L01_104_1_fastqc;VQRDAM
E100010953_L01_58_1_fastqc;VQT0Y3
E100013100_L01_32_1_fastqc;VQT7KE
E100009887_L01_28_1_fastqc;VQTF8B
E100016768_L01_14_1_fastqc;VQUR0B
E100009772A_L01_75_1_fastqc;VQVGVZ
E100010235_L01_42_1_fastqc;VQVL9I
E100013124_L01_35_1_fastqc;VQWTOE
E100013100_L01_78_1_fastqc;VQWUQN
E100013123_L01_78_1_fastqc;VQWUQN
E100013108_L01_121_1_fastqc;VQWWUE
E100015864_L01_48_1_fastqc;VQXAO9
E100013108_L01_93_1_fastqc;VQXDHT
E100013104_L01_35_1_fastqc;VQXLHZ
E100013128_L01_99_1_fastqc;VQY47P
E100016768_L01_84_1_fastqc;VQYRHO
E100010953_L01_75_1_fastqc;VQYXLB
E100013100_L01_16_1_fastqc;VQYXZ3
E100009887_L01_66_1_fastqc;VR00V4
E100013189_L01_83_1_fastqc;VR017W
E100013458_L01_123_1_fastqc;VR0MOH
E100016707_L01_55_1_fastqc;VR19I9
E100015864_L01_47_1_fastqc;VR1CXM
E100010235_L01_15_1_fastqc;VR1GTD
E100016768_L01_33_1_fastqc;VR1JOR
E100016707_L01_70_1_fastqc;VR1XVI
E100009772A_L01_88_1_fastqc;VR235O
E100013118_L01_14_1_fastqc;VR2KSA
E100013135_L01_73_1_fastqc;VR339W
E100013458_L01_83_1_fastqc;VR4UUJ
E100012874_L01_30_1_fastqc;VR5B97
E100013104_L01_114_1_fastqc;VR67U6
E100013135_L01_84_1_fastqc;VR684N
E100013117_L01_116_1_fastqc;VR693W
E100016707_L01_53_1_fastqc;VR69X6
E100013100_L01_99_1_fastqc;VR6V52
E100013123_L01_99_1_fastqc;VR6V52
E100016770_L01_70_1_fastqc;VR8C6C
E100009678_L01_56_1_fastqc;VR8E19
E100016770_L01_128_1_fastqc;VR8W6G
E100010235_L01_103_1_fastqc;VR9PJF
E100013465_L01_35_1_fastqc;VRADL2_2
E100013100_L01_55_1_fastqc;VRARMF
E100010953_L01_70_1_fastqc;VRAZAX_1
E100013458_L01_74_1_fastqc;VRAZAX_2
E100009727_L01_124_1_fastqc;VRBARD
E100010235_L01_50_1_fastqc;VRCBO6
E100009887_L01_42_1_fastqc;VRDLZF
E100013118_L01_73_1_fastqc;VRDXKW
E100013135_L01_117_1_fastqc;VREE6Z
E100013118_L01_55_1_fastqc;VREQ3J
E100013108_L01_51_1_fastqc;VREQLQ
E100016707_L01_82_1_fastqc;VREV0N
E100013100_L01_28_1_fastqc;VRFG0E
E100013106_L01_46_1_fastqc;VRFQNO
E100015864_L01_104_1_fastqc;VRKWFQ
E100012874_L01_69_1_fastqc;VRL0ZG
E100016768_L01_90_1_fastqc;VRM02Q
E100013128_L01_90_1_fastqc;VRNJQU
E100013100_L01_65_1_fastqc;VRO6RY
E100013123_L01_65_1_fastqc;VRO6RY
E100010235_L01_96_1_fastqc;VROLIU
E100013124_L01_62_1_fastqc;VRPBN7
E100010235_L01_121_1_fastqc;VRPSK0
E100013458_L01_26_1_fastqc;VRQ166
E100013104_L01_121_1_fastqc;VRR7DQ
E100013118_L01_68_1_fastqc;VRRIOL
E100010235_L01_47_1_fastqc;VRSDDJ
E100016770_L01_13_1_fastqc;VRTGRX
E100010235_L01_94_1_fastqc;VRTMFX
E100010924_L01_59_1_fastqc;VRTOVG
E100010953_L01_103_1_fastqc;VRUZFG
E100010235_L01_36_1_fastqc;VRZSL3
E100013106_L01_32_1_fastqc;VRZXT6
E100016770_L01_16_1_fastqc;VS07JA
E100016770_L01_84_1_fastqc;VS08GD
E100009772A_L01_79_1_fastqc;VS0ATU
E100013104_L01_28_1_fastqc;VS0RGM
E100010235_L01_102_1_fastqc;VS0Z44
E100013128_L01_85_1_fastqc;VS1ZST
E100013124_L01_73_1_fastqc;VS2IG1
E100013108_L01_101_1_fastqc;VS2Y5X
E100013458_L01_66_1_fastqc;VS39X9
E100010924_L01_127_1_fastqc;VS3DYK
E100013100_L01_56_1_fastqc;VS3EWV
E100013123_L01_56_1_fastqc;VS3EWV
E100010235_L01_125_1_fastqc;VS4NBP
E100016707_L01_115_1_fastqc;VS5F60
E100009772A_L01_125_1_fastqc;VS5G5E
E100013124_L01_70_1_fastqc;VS5OEG
E100013135_L01_41_1_fastqc;VS5TB5
E100016768_L01_123_1_fastqc;VS5X5T
E100009678_L01_64_1_fastqc;VS618I
E100013189_L01_65_1_fastqc;VS7JGZ
E100016707_L01_41_1_fastqc;VS8CIG
E100010235_L01_98_1_fastqc;VS8MEX
E100009772A_L01_47_1_fastqc;VS9A0O
E100013124_L01_89_1_fastqc;VS9EPY
E100016770_L01_62_1_fastqc;VS9O25
E100013100_L01_87_1_fastqc;VSAW55
E100013123_L01_87_1_fastqc;VSAW55
E100013458_L01_65_1_fastqc;VSBR7J
E100010953_L01_96_1_fastqc;VSC0UI
E100013118_L01_87_1_fastqc;VSCAXD
E100013108_L01_82_1_fastqc;VSD1UZ
E100010953_L01_128_1_fastqc;VSDHN8
E100010235_L01_32_1_fastqc;VSEFK9
E100015864_L01_94_1_fastqc;VSF81E
E100012874_L01_52_1_fastqc;VSFHH6
E100013465_L01_78_1_fastqc;VSGFUT
E100016707_L01_60_1_fastqc;VSH1WE
E100009727_L01_72_1_fastqc;VSH6RW
E100009727_L01_34_1_fastqc;VSHD6H
E100016707_L01_37_1_fastqc;VSIMJ7
E100013421_L01_62_1_fastqc;VSIWOC
E100009887_L01_73_1_fastqc;VSIX5I
E100013465_L01_80_1_fastqc;VSJXR4
E100009772A_L01_87_1_fastqc;VSK5HW
E100015864_L01_44_1_fastqc;VSKHLT
E100013124_L01_26_1_fastqc;VSKVAM
E100013189_L01_4_1_fastqc;VSLHR2
E100013124_L01_96_1_fastqc;VSLJJR
E100013465_L01_72_1_fastqc;VSLWCM
E100009678_L01_90_1_fastqc;VSM7HL
E100013108_L01_123_1_fastqc;VSMUOH
E100013108_L01_102_1_fastqc;VSMZLQ
E100013100_L01_50_1_fastqc;VSNAX3
E100013123_L01_50_1_fastqc;VSNAX3
E100013189_L01_73_1_fastqc;VSPQHK
E100016770_L01_35_1_fastqc;VSQ8XR
E100013108_L01_42_1_fastqc;VSR56V
E100016768_L01_70_1_fastqc;VSSOJQ
E100007551_L01_28_1_fastqc;VSSQ75
E100013458_L01_89_1_fastqc;VSSY8Y
E100013458_L01_48_1_fastqc;VSTACS
E100009772A_L01_90_1_fastqc;VSTN10
E100013100_L01_41_1_fastqc;VSTPXP
E100013123_L01_41_1_fastqc;VSTPXP
E100016707_L01_84_1_fastqc;VSULLW
E100009772A_L01_93_1_fastqc;VSVGGQ
E100013124_L01_55_1_fastqc;VSWSNY
E100013465_L01_73_1_fastqc;VSX9C2
E100013128_L01_4_1_fastqc;VSXHDG
E100016707_L01_50_1_fastqc;VSXZII
E100010235_L01_69_1_fastqc;VSY0KT
E100009772A_L01_58_1_fastqc;VSY399
E100013106_L01_124_1_fastqc;VSYLAG
E100009727_L01_66_1_fastqc;VSZ99C
E100013100_L01_123_1_fastqc;VSZNV3
E100013123_L01_123_1_fastqc;VSZNV3
E100009727_L01_79_1_fastqc;VT0NJY
E100009678_L01_35_1_fastqc;VT1CWP
E100013128_L01_81_1_fastqc;VT1IVC
E100015864_L01_100_1_fastqc;VT2F0R
E100013106_L01_52_1_fastqc;VT2O2F
E100013118_L01_104_1_fastqc;VT40XO
E100010235_L01_73_1_fastqc;VT5UOH
E100013421_L01_16_1_fastqc;VT6NQC
E100016770_L01_90_1_fastqc;VT80ZA
E100009727_L01_94_1_fastqc;VT8EKH
E100009727_L01_46_1_fastqc;VTA6TD
E100013100_L01_86_1_fastqc;VTALEJ
E100013123_L01_86_1_fastqc;VTALEJ
E100009772A_L01_84_1_fastqc;VTARO6
E100013465_L01_16_1_fastqc;VTCEZ2
E100009678_L01_87_1_fastqc;VTCFL1
E100010924_L01_60_1_fastqc;VTD3D4
E100010953_L01_53_1_fastqc;VTDAHZ
E100013118_L01_114_1_fastqc;VTETOY
E100009678_L01_83_1_fastqc;VTFDDH
E100010235_L01_16_1_fastqc;VTGDYY
E100009727_L01_68_1_fastqc;VTL79A
E100013465_L01_15_1_fastqc;VTNHLT
E100013458_L01_87_1_fastqc;VTP6JE
E100013104_L01_29_1_fastqc;VTPGT9
E100013124_L01_36_1_fastqc;VTQ28C
E100016768_L01_103_1_fastqc;VTQNH8
E100012874_L01_79_1_fastqc;VTSDNR
E100013458_L01_63_1_fastqc;VTT6CY
E100016768_L01_86_1_fastqc;VTTYB4
E100009678_L01_97_1_fastqc;VTUQVL
E100015864_L01_53_1_fastqc;VTWLDB
E100013189_L01_76_1_fastqc;VTWUM8
E100013118_L01_38_1_fastqc;VTZW8F
E100013458_L01_59_1_fastqc;VU0WT9
E100013104_L01_128_1_fastqc;VU1RHC
E100007551_L01_39_1_fastqc;VU27ZK
E100015864_L01_75_1_fastqc;VU29SB
E100013117_L01_104_1_fastqc;VU37VZ
E100013100_L01_81_1_fastqc;VU3NON
E100013123_L01_81_1_fastqc;VU3NON
E100016707_L01_26_1_fastqc;VU4OMZ
E100013108_L01_128_1_fastqc;VU4UJ1
E100013465_L01_92_1_fastqc;VU546G
E100013124_L01_60_1_fastqc;VU5679
E100013458_L01_37_1_fastqc;VU6V3M
E100013465_L01_59_1_fastqc;VU6VE5
E100016768_L01_116_1_fastqc;VU76CR
E100013118_L01_98_1_fastqc;VU84FM
E100013421_L01_121_1_fastqc;VU96B3
E100013189_L01_14_1_fastqc;VUAHEP
E100013124_L01_74_1_fastqc;VUAP4E
E100010924_L01_52_1_fastqc;VUBUXB
E100010953_L01_86_1_fastqc;VUCGX0
E100013124_L01_63_1_fastqc;VUCVXM
E100013189_L01_49_1_fastqc;VUD8XW
E100013108_L01_52_1_fastqc;VUE53R
E100015864_L01_69_1_fastqc;VUEKUS
E100009678_L01_93_1_fastqc;VUGP8W
E100010235_L01_71_1_fastqc;VUH3CJ
E100013124_L01_84_1_fastqc;VUHK2Z
E100009887_L01_45_1_fastqc;VUJ829
E100016770_L01_85_1_fastqc;VUJA03
E100013106_L01_116_1_fastqc;VULDEN
E100013108_L01_91_1_fastqc;VULOFQ
E100010235_L01_127_1_fastqc;VUMB0Y
E100010953_L01_122_1_fastqc;VUO1B2
E100009678_L01_38_1_fastqc;VUO5I7
E100013124_L01_64_1_fastqc;VUPK67
E100013124_L01_1_1_fastqc;VUR0YN
E100009887_L01_116_1_fastqc;VUSLFL
E100013104_L01_102_1_fastqc;VUSPBL
E100009678_L01_58_1_fastqc;VUUBDF
E100012874_L01_128_1_fastqc;VUUDII
E100013124_L01_48_1_fastqc;VUUI0H
E100013118_L01_64_1_fastqc;VUUOIT
E100013458_L01_103_1_fastqc;VUURRJ
E100013128_L01_124_1_fastqc;VUV3QJ
E100013100_L01_13_1_fastqc;VUVJ4Y
E100013123_L01_13_1_fastqc;VUVJ4Y
E100013106_L01_69_1_fastqc;VUW88M
E100013421_L01_44_1_fastqc;VUXZVX
E100013106_L01_68_1_fastqc;VUY404
E100012874_L01_28_1_fastqc;VUYRU9
E100016770_L01_114_1_fastqc;VUZJOJ
E100010953_L01_117_1_fastqc;VUZKIP
E100012874_L01_127_1_fastqc;VV0MRX
E100010924_L01_93_1_fastqc;VV1U4T
E100007551_L01_122_1_fastqc;VV1WMI
E100013100_L01_92_1_fastqc;VV3BC7
E100013123_L01_92_1_fastqc;VV3BC7
E100013465_L01_83_1_fastqc;VV3FPX
E100016707_L01_29_1_fastqc;VV45IR
E100016707_L01_46_1_fastqc;VV5SGU
E100009678_L01_117_1_fastqc;VV639H
E100013189_L01_84_1_fastqc;VV71E6
E100007551_L01_103_1_fastqc;V0ZWZC
E100007551_L01_104_1_fastqc;VJKITJ
E100007551_L01_127_1_fastqc;VF735V
E100007551_L01_36_1_fastqc;VCEMF9
E100007551_L01_48_1_fastqc;VAXHW5
E100007551_L01_79_1_fastqc;VAYWBV
E100007551_L01_80_1_fastqc;VC4LMF
E100007551_L01_82_1_fastqc;V0874O
E100007551_L01_84_1_fastqc;V2PPRV
E100007551_L01_86_1_fastqc;VHGBTK
E100007551_L01_90_1_fastqc;VALC9T
E100007551_L01_91_1_fastqc;VBSJD8
E100009678_L01_121_1_fastqc;V3MK5S
E100009678_L01_122_1_fastqc;VHGSNF
E100009678_L01_123_1_fastqc;VGCQOM
E100009678_L01_124_1_fastqc;VE5C77
E100009678_L01_126_1_fastqc;VF2UIE
E100009678_L01_127_1_fastqc;MB24_C10
E100009678_L01_14_1_fastqc;V03HFT
E100009678_L01_15_1_fastqc;VBMSY7
E100009678_L01_25_1_fastqc;V3B9IM
E100009678_L01_28_1_fastqc;V0WV71
E100009678_L01_32_1_fastqc;VGHLVX
E100009678_L01_41_1_fastqc;VE4CJK
E100009678_L01_46_1_fastqc;VBE2IN
E100009678_L01_47_1_fastqc;VIJS2P
E100009678_L01_53_1_fastqc;VF7D84
E100009678_L01_57_1_fastqc;VGRMAC
E100009678_L01_59_1_fastqc;VISPPX
E100009678_L01_61_1_fastqc;VFRTH4
E100009678_L01_63_1_fastqc;VI9R2T
E100009678_L01_65_1_fastqc;VAI1ZY
E100009678_L01_68_1_fastqc;VK7N96
E100009678_L01_70_1_fastqc;VHMPAT
E100009678_L01_74_1_fastqc;V1WQ4B
E100009678_L01_78_1_fastqc;VBJA3P
E100009678_L01_79_1_fastqc;VCEMYL
E100009678_L01_80_1_fastqc;VCPI8B
E100009678_L01_85_1_fastqc;V22OST
E100009678_L01_86_1_fastqc;VJB0XB
E100009678_L01_88_1_fastqc;VDZP45
E100009678_L01_91_1_fastqc;VII3PN
E100009678_L01_92_1_fastqc;VBOMPV
E100009678_L01_94_1_fastqc;VHY7T8
E100009678_L01_99_1_fastqc;V23IHW
E100009727_L01_101_1_fastqc;VN82MY
E100009727_L01_103_1_fastqc;V0F9CA
E100009727_L01_126_1_fastqc;V0CQP6
E100009727_L01_128_1_fastqc;VIV02J
E100009727_L01_3_1_fastqc;VH9W5P
E100009727_L01_37_1_fastqc;VC0JXP
E100009727_L01_39_1_fastqc;VJR62K
E100009727_L01_41_1_fastqc;VV3YV8
E100009727_L01_42_1_fastqc;VKUHEX
E100009727_L01_58_1_fastqc;VHB2F2
E100009727_L01_59_1_fastqc;VHQGZK
E100009727_L01_61_1_fastqc;VK6J32
E100009727_L01_67_1_fastqc;VH0QJE
E100009727_L01_70_1_fastqc;VBFDBB
E100009727_L01_75_1_fastqc;V0ETQ8
E100009727_L01_77_1_fastqc;V32MIP
E100009727_L01_78_1_fastqc;VE954R
E100009727_L01_80_1_fastqc;V3B6EO
E100009727_L01_81_1_fastqc;VFR59D
E100009727_L01_84_1_fastqc;VGW7JQ
E100009727_L01_85_1_fastqc;VFOJNG
E100009727_L01_89_1_fastqc;V62ZVR
E100009727_L01_90_1_fastqc;VFCKVV
E100009727_L01_91_1_fastqc;VH158F
E100009727_L01_93_1_fastqc;VHJNNV
E100009727_L01_95_1_fastqc;VEED90
E100009727_L01_96_1_fastqc;V35L2C
E100009727_L01_97_1_fastqc;VGWZRG
E100009727_L01_98_1_fastqc;VHH8EK
E100009727_L01_99_1_fastqc;VFUUDP
E100009772A_L01_101_1_fastqc;V08XFS
E100009772A_L01_104_1_fastqc;VDCYKC
E100009772A_L01_115_1_fastqc;V2ZRYJ
E100009772A_L01_116_1_fastqc;VE8RF4
E100009772A_L01_124_1_fastqc;VI6N32
E100009772A_L01_126_1_fastqc;VDV0LO
E100009772A_L01_127_1_fastqc;VF84TT
E100009772A_L01_128_1_fastqc;VALKBG
E100009772A_L01_14_1_fastqc;VEFRKO
E100009772A_L01_2_1_fastqc;VEBQBC
E100009772A_L01_32_1_fastqc;VHWIM2
E100009772A_L01_37_1_fastqc;V32DY7
E100009772A_L01_39_1_fastqc;VFC64U
E100009772A_L01_4_1_fastqc;VAIW17
E100009772A_L01_45_1_fastqc;VBI2K9
E100009772A_L01_51_1_fastqc;VGCWOT
E100009772A_L01_55_1_fastqc;VJ5A2F
E100009772A_L01_56_1_fastqc;VE0BRU
E100009772A_L01_61_1_fastqc;VGEZ5X
E100009772A_L01_70_1_fastqc;VBGDV3
E100009772A_L01_71_1_fastqc;V36UY6
E100009772A_L01_73_1_fastqc;VDIIS3
E100009772A_L01_74_1_fastqc;VEP80T
E100009772A_L01_78_1_fastqc;VHEX54
E100009772A_L01_80_1_fastqc;VJVDEN
E100009772A_L01_85_1_fastqc;VKQIZU
E100009772A_L01_86_1_fastqc;VKO4IZ
E100009772A_L01_91_1_fastqc;VKSG4K
E100009772A_L01_96_1_fastqc;VJJTFZ
E100009772A_L01_97_1_fastqc;V1Y210
E100009772A_L01_98_1_fastqc;VKOZXY
E100009887_L01_102_1_fastqc;VCX2O5
E100009887_L01_103_1_fastqc;VJGLCZ
E100009887_L01_117_1_fastqc;V0AMNJ
E100009887_L01_122_1_fastqc;VF8NER
E100009887_L01_127_1_fastqc;VFV8VW
E100009887_L01_16_1_fastqc;VD941L
E100009887_L01_25_1_fastqc;VDWVK3
E100009887_L01_29_1_fastqc;VIGZJL
E100009887_L01_33_1_fastqc;VCL55A
E100009887_L01_36_1_fastqc;VB5CDS
E100009887_L01_37_1_fastqc;V40FOF
E100009887_L01_38_1_fastqc;VKHT3H
E100009887_L01_39_1_fastqc;V11J4E
E100009887_L01_41_1_fastqc;V2UG26
E100009887_L01_4_1_fastqc;VF2Q5P
E100009887_L01_43_1_fastqc;V3EQF3
E100009887_L01_46_1_fastqc;V3M9D5
E100009887_L01_47_1_fastqc;VCEVC7
E100009887_L01_48_1_fastqc;V1DVG1
E100009887_L01_55_1_fastqc;VBVRP6
E100009887_L01_57_1_fastqc;V1TT57
E100009887_L01_63_1_fastqc;VI7N13
E100009887_L01_64_1_fastqc;VIBDV2
E100009887_L01_68_1_fastqc;VFXAS9
E100009887_L01_70_1_fastqc;VI9O15
E100009887_L01_72_1_fastqc;VGNNE2
E100009887_L01_76_1_fastqc;V1WZON
E100009887_L01_83_1_fastqc;V0BI0R
E100009887_L01_86_1_fastqc;VB4LUH
E100009887_L01_87_1_fastqc;VAQXCB
E100009887_L01_88_1_fastqc;VJYNPP
E100009887_L01_91_1_fastqc;V3HR5H
E100009887_L01_92_1_fastqc;VHJS50
E100009887_L01_94_1_fastqc;V2E7YL
E100009887_L01_95_1_fastqc;VHY3KN
E100009887_L01_96_1_fastqc;VKS2ZE
E100009887_L01_97_1_fastqc;VC8LQO
E100010235_L01_100_1_fastqc;VCTJFG
E100010235_L01_101_1_fastqc;VK5EDT
E100010235_L01_1_1_fastqc;VC98OA
E100010235_L01_123_1_fastqc;VBWU1L
E100010235_L01_128_1_fastqc;VEU81T
E100010235_L01_13_1_fastqc;VKKYT9
E100010235_L01_2_1_fastqc;VG8Z98
E100010235_L01_25_1_fastqc;VDA1O5
E100010235_L01_26_1_fastqc;VB48BW
E100010235_L01_28_1_fastqc;V0IY5L
E100010235_L01_29_1_fastqc;VIMAGY
E100010235_L01_30_1_fastqc;V2EKJ0
E100010235_L01_3_1_fastqc;VFPSDX
E100010235_L01_37_1_fastqc;VF1M6Y
E100010235_L01_4_1_fastqc;VEQ5KC
E100010235_L01_49_1_fastqc;V1HQZB
E100010235_L01_57_1_fastqc;VE4MCU
E100010235_L01_63_1_fastqc;V2BQZS
E100010235_L01_66_1_fastqc;VAQ2EH
E100010235_L01_68_1_fastqc;VAJLEJ
E100010235_L01_70_1_fastqc;VK0KYS
E100010235_L01_72_1_fastqc;VIJ2FQ
E100010235_L01_75_1_fastqc;VG5FYD
E100010235_L01_82_1_fastqc;VGM6AB
E100010235_L01_83_1_fastqc;VIBK6W
E100010235_L01_85_1_fastqc;VKUYA8
E100010235_L01_86_1_fastqc;VHKBE9
E100010235_L01_87_1_fastqc;V0OQ7E
E100010235_L01_91_1_fastqc;V0APMK
E100010235_L01_92_1_fastqc;VC6DD5
E100010235_L01_97_1_fastqc;VD0C3G
E100010924_L01_102_1_fastqc;VKWO2K
E100010924_L01_114_1_fastqc;VEOJ4I
E100010924_L01_117_1_fastqc;VIYPAF
E100010924_L01_1_1_fastqc;V2A14B
E100010924_L01_121_1_fastqc;VC0JIV
E100010924_L01_124_1_fastqc;VG2I1V
E100010924_L01_14_1_fastqc;VL3CQI
E100010924_L01_25_1_fastqc;VJAZQJ
E100010924_L01_29_1_fastqc;VHD2FK
E100010924_L01_37_1_fastqc;VEWEUC
E100010924_L01_42_1_fastqc;MB15_H4
E100010924_L01_43_1_fastqc;VD6YPU
E100010924_L01_46_1_fastqc;VDYFS8
E100010924_L01_53_1_fastqc;VBZB4B
E100010924_L01_58_1_fastqc;VI7R7J
E100010924_L01_62_1_fastqc;VEW4DS
E100010924_L01_64_1_fastqc;VGXCLN
E100010924_L01_65_1_fastqc;V3I3JQ
E100010924_L01_67_1_fastqc;VAQMDM
E100010924_L01_68_1_fastqc;VBTQSZ
E100010924_L01_75_1_fastqc;VCK1IX
E100010924_L01_77_1_fastqc;VFKVQQ
E100010924_L01_79_1_fastqc;VICXYT
E100010924_L01_81_1_fastqc;VEPCIN
E100010924_L01_83_1_fastqc;VJLSQM
E100010924_L01_84_1_fastqc;VIVMS4
E100010924_L01_85_1_fastqc;VB0SBO
E100010924_L01_99_1_fastqc;VHNM0K
E100010953_L01_100_1_fastqc;VJQSL9
E100010953_L01_115_1_fastqc;VAOOQH
E100010953_L01_116_1_fastqc;VK15H9
E100010953_L01_123_1_fastqc;VHFWD7
E100010953_L01_125_1_fastqc;VFN61K
E100010953_L01_14_1_fastqc;V3MZNT
E100010953_L01_2_1_fastqc;V388BR
E100010953_L01_44_1_fastqc;VDBEP1
E100010953_L01_48_1_fastqc;VDUOAE
E100010953_L01_50_1_fastqc;VC146T
E100010953_L01_60_1_fastqc;VJNEPQ
E100010953_L01_66_1_fastqc;VAZM68
E100010953_L01_68_1_fastqc;VAT7LH
E100010953_L01_69_1_fastqc;VDVHRJ
E100010953_L01_71_1_fastqc;VHU57A
E100010953_L01_72_1_fastqc;VAI7LV
E100010953_L01_76_1_fastqc;V61GT1
E100010953_L01_81_1_fastqc;VF50S9
E100010953_L01_82_1_fastqc;VIW1KV
E100010953_L01_83_1_fastqc;V2TT8Z
E100010953_L01_84_1_fastqc;VAULOV
E100010953_L01_85_1_fastqc;VFEW39
E100010953_L01_89_1_fastqc;VJPDB3
E100010953_L01_90_1_fastqc;V0L3ZF
E100010953_L01_94_1_fastqc;VBUY7L
E100010953_L01_95_1_fastqc;V2MEDT
E100010953_L01_97_1_fastqc;VC26MG
E100012874_L01_101_1_fastqc;V3K654
E100012874_L01_115_1_fastqc;VDJDSP
E100012874_L01_121_1_fastqc;VGEXJI
E100012874_L01_122_1_fastqc;VCJHL2
E100012874_L01_124_1_fastqc;V2IK6G
E100012874_L01_125_1_fastqc;VEOK8R
E100012874_L01_35_1_fastqc;VBH4ZG
E100012874_L01_37_1_fastqc;MB11_B1
E100012874_L01_47_1_fastqc;VGW4DS
E100012874_L01_49_1_fastqc;VBY12V
E100012874_L01_50_1_fastqc;VDZJH4
E100012874_L01_66_1_fastqc;VDHNR2
E100012874_L01_67_1_fastqc;VJXW3O
E100012874_L01_68_1_fastqc;V2J7I2
E100012874_L01_73_1_fastqc;VFZ765
E100012874_L01_77_1_fastqc;V3LK6T
E100012874_L01_82_1_fastqc;VJ4T6M
E100012874_L01_92_1_fastqc;V25ZP5
E100012874_L01_97_1_fastqc;VCUGKF
E100012874_L01_99_1_fastqc;VJNA5X
E100013100_L01_103_1_fastqc;VCUIHW
E100013100_L01_104_1_fastqc;VI89J6
E100013100_L01_114_1_fastqc;VG2PS6
E100013100_L01_117_1_fastqc;VHDPR5
E100013100_L01_1_1_fastqc;V2K00U
E100013100_L01_124_1_fastqc;VF64R7
E100013100_L01_126_1_fastqc;VDDFSZ
E100013100_L01_127_1_fastqc;VHI9CU
E100013100_L01_14_1_fastqc;VCZ2V3
E100013100_L01_26_1_fastqc;VGP5R6
E100013100_L01_34_1_fastqc;VDJ4SQ
E100013100_L01_36_1_fastqc;V22M5I
E100013100_L01_38_1_fastqc;VK75TS
E100013100_L01_42_1_fastqc;VJ3CGI
E100013100_L01_46_1_fastqc;VB7VUW
E100013100_L01_48_1_fastqc;V0L9VT
E100013100_L01_52_1_fastqc;V247S0
E100013100_L01_53_1_fastqc;VB6RZH
E100013100_L01_57_1_fastqc;V2CRYT
E100013100_L01_61_1_fastqc;VHVL8E
E100013100_L01_62_1_fastqc;VC6G6S
E100013100_L01_69_1_fastqc;VBBUAG
E100013100_L01_71_1_fastqc;V296TD
E100013100_L01_72_1_fastqc;VKZ1LX
E100013100_L01_73_1_fastqc;VCJBZ5
E100013100_L01_74_1_fastqc;V1EHS4
E100013100_L01_76_1_fastqc;VK38FD
E100013100_L01_80_1_fastqc;V2930P
E100013100_L01_82_1_fastqc;VDOZW7
E100013100_L01_83_1_fastqc;VIZEMD
E100013100_L01_88_1_fastqc;VKFLIM
E100013100_L01_89_1_fastqc;VG2ZKB
E100013100_L01_93_1_fastqc;VJ6ZX4
E100013100_L01_96_1_fastqc;VHQNA7
E100013104_L01_101_1_fastqc;V3GX6P
E100013104_L01_115_1_fastqc;V0ZBIG
E100013104_L01_126_1_fastqc;V04PTT
E100013104_L01_32_1_fastqc;V06KB2
E100013104_L01_34_1_fastqc;VGLNBQ
E100013104_L01_36_1_fastqc;V704VW
E100013104_L01_38_1_fastqc;V19CVF
E100013104_L01_39_1_fastqc;VFWOPB
E100013104_L01_4_1_fastqc;V1T1XL
E100013104_L01_43_1_fastqc;VW5BRB
E100013104_L01_47_1_fastqc;VCG11X
E100013104_L01_52_1_fastqc;VOAQZY
E100013104_L01_65_1_fastqc;V10GYU
E100013104_L01_67_1_fastqc;VPQ8OT
E100013104_L01_70_1_fastqc;VCLCF4
E100013104_L01_71_1_fastqc;V39XFJ
E100013104_L01_76_1_fastqc;VE1J31
E100013104_L01_79_1_fastqc;VK3BC3
E100013104_L01_83_1_fastqc;V412BS
E100013104_L01_86_1_fastqc;V38TA2
E100013104_L01_87_1_fastqc;VCKWK5
E100013104_L01_90_1_fastqc;VR54L3
E100013104_L01_91_1_fastqc;VRKHLF
E100013104_L01_92_1_fastqc;V3H8VH
E100013104_L01_94_1_fastqc;VHNPCE
E100013104_L01_96_1_fastqc;V38FGV
E100013104_L01_98_1_fastqc;VBGWS0
E100013104_L01_99_1_fastqc;V0W7HW
E100013106_L01_103_1_fastqc;VDENXC
E100013106_L01_125_1_fastqc;VF1KOZ
E100013106_L01_126_1_fastqc;VCV9EL
E100013106_L01_128_1_fastqc;VKVIWT
E100013106_L01_16_1_fastqc;VK2Z41
E100013106_L01_2_1_fastqc;VFSXMT
E100013106_L01_25_1_fastqc;V20PN5
E100013106_L01_29_1_fastqc;VC7WS4
E100013106_L01_30_1_fastqc;VBOZMX
E100013106_L01_33_1_fastqc;VGJDR2
E100013106_L01_35_1_fastqc;VCG3ZR
E100013106_L01_36_1_fastqc;MB16_D11
E100013106_L01_37_1_fastqc;VJJAN3
E100013106_L01_41_1_fastqc;VHH21X
E100013106_L01_43_1_fastqc;VK68RV
E100013106_L01_47_1_fastqc;VIQZMD
E100013106_L01_49_1_fastqc;MB06_H2
E100013106_L01_50_1_fastqc;VB60U5
E100013106_L01_51_1_fastqc;VF53CR
E100013106_L01_56_1_fastqc;V1NN6P
E100013106_L01_57_1_fastqc;VHC1OA
E100013106_L01_58_1_fastqc;VJUA46
E100013106_L01_71_1_fastqc;VEUHU1
E100013106_L01_72_1_fastqc;VK0DHL
E100013106_L01_73_1_fastqc;VAS0F2
E100013106_L01_75_1_fastqc;VH4BVY
E100013106_L01_79_1_fastqc;VDSC7I
E100013106_L01_80_1_fastqc;V04YHL
E100013106_L01_83_1_fastqc;VI980E
E100013106_L01_84_1_fastqc;V1B2IT
E100013106_L01_85_1_fastqc;VISX5G
E100013106_L01_88_1_fastqc;V1BPF7
E100013106_L01_90_1_fastqc;VJJOTE
E100013106_L01_91_1_fastqc;V1SUTZ
E100013106_L01_93_1_fastqc;VDIHML
E100013106_L01_98_1_fastqc;VFGPWM
E100013108_L01_116_1_fastqc;V2V54E
E100013108_L01_117_1_fastqc;VE94JL
E100013108_L01_124_1_fastqc;VARF3W
E100013108_L01_126_1_fastqc;VB1FWX
E100013108_L01_2_1_fastqc;V1OELW
E100013108_L01_32_1_fastqc;V0O2SL
E100013108_L01_36_1_fastqc;VFHVX3
E100013108_L01_37_1_fastqc;V0RM90
E100013108_L01_39_1_fastqc;VCE74N
E100013108_L01_43_1_fastqc;VJT5HM
E100013108_L01_46_1_fastqc;VJ5211
E100013108_L01_47_1_fastqc;VI0HG1
E100013108_L01_49_1_fastqc;VAJUNN
E100013108_L01_57_1_fastqc;VHN1M0
E100013108_L01_64_1_fastqc;V0RG9C
E100013108_L01_65_1_fastqc;VG442A
E100013108_L01_66_1_fastqc;VEHD2Y
E100013108_L01_67_1_fastqc;VBC2EG
E100013108_L01_72_1_fastqc;V3KBMR
E100013108_L01_74_1_fastqc;V1FI7F
E100013108_L01_75_1_fastqc;V3844L
E100013108_L01_76_1_fastqc;VG76GK
E100013108_L01_84_1_fastqc;VFQSEI
E100013108_L01_89_1_fastqc;VBET8H
E100013108_L01_90_1_fastqc;VIZ7JY
E100013108_L01_95_1_fastqc;VFFGHI
E100013108_L01_96_1_fastqc;V2MRMT
E100013108_L01_98_1_fastqc;V2ZR8J
E100013117_L01_103_1_fastqc;VCQWG0
E100013117_L01_114_1_fastqc;VIVOYI
E100013117_L01_124_1_fastqc;V0404P
E100013117_L01_16_1_fastqc;VDFAIC
E100013117_L01_32_1_fastqc;VDU87L
E100013117_L01_33_1_fastqc;V1C5D9
E100013117_L01_36_1_fastqc;V9Q7Z9
E100013117_L01_37_1_fastqc;V16X45
E100013117_L01_38_1_fastqc;V3HFCP
E100013117_L01_39_1_fastqc;V2WUG8
E100013117_L01_52_1_fastqc;VG36F3
E100013117_L01_53_1_fastqc;V0D5WV
E100013117_L01_55_1_fastqc;VCTAHJ
E100013117_L01_56_1_fastqc;VJHFZW
E100013117_L01_57_1_fastqc;VIQTES
E100013117_L01_59_1_fastqc;VC7BF0
E100013117_L01_65_1_fastqc;VK9MVQ
E100013117_L01_76_1_fastqc;VF8Q00
E100013117_L01_94_1_fastqc;VFDNLO
E100013118_L01_102_1_fastqc;VIAJFJ
E100013118_L01_115_1_fastqc;VDW86S
E100013118_L01_116_1_fastqc;V2NES5
E100013118_L01_117_1_fastqc;VHUIRX
E100013118_L01_122_1_fastqc;VJL8PR
E100013118_L01_123_1_fastqc;VJVD2N
E100013118_L01_126_1_fastqc;V0X1YJ
E100013118_L01_128_1_fastqc;VJOX4H
E100013118_L01_15_1_fastqc;VJ6935
E100013118_L01_25_1_fastqc;VCQTGT
E100013118_L01_26_1_fastqc;VBY4A5
E100013118_L01_28_1_fastqc;VD7NI5
E100013118_L01_30_1_fastqc;VF436J
E100013118_L01_3_1_fastqc;V2GRUA
E100013118_L01_34_1_fastqc;VIE3LT
E100013118_L01_39_1_fastqc;VCE0Y8
E100013118_L01_4_1_fastqc;VFKD1E
E100013118_L01_42_1_fastqc;VGVFGP
E100013118_L01_44_1_fastqc;V23PXU
E100013118_L01_45_1_fastqc;VD9EPU
E100013118_L01_48_1_fastqc;V0OK4P
E100013118_L01_51_1_fastqc;VCYQP6
E100013118_L01_52_1_fastqc;VDSZV8
E100013118_L01_58_1_fastqc;VI9JA0
E100013118_L01_61_1_fastqc;VCG5G4
E100013118_L01_63_1_fastqc;VESUJC
E100013118_L01_66_1_fastqc;VD41WX
E100013118_L01_67_1_fastqc;VDK15L
E100013118_L01_75_1_fastqc;V228GG
E100013118_L01_78_1_fastqc;VAJ1MO
E100013118_L01_81_1_fastqc;VF1IDW
E100013118_L01_82_1_fastqc;VJ8DAT
E100013118_L01_83_1_fastqc;V23DES
E100013118_L01_86_1_fastqc;VJBFQ9
E100013118_L01_88_1_fastqc;V1H58G
E100013118_L01_89_1_fastqc;VHVY0M
E100013118_L01_90_1_fastqc;V14WFH
E100013118_L01_91_1_fastqc;VDSI6K
E100013118_L01_95_1_fastqc;VHWGGK
E100013118_L01_97_1_fastqc;VJFLVZ
E100013118_L01_99_1_fastqc;V00H9L
E100013123_L01_117_1_fastqc;VHDPR5
E100013123_L01_1_1_fastqc;V2K00U
E100013123_L01_124_1_fastqc;VF64R7
E100013123_L01_14_1_fastqc;VCZ2V3
E100013123_L01_26_1_fastqc;VGP5R6
E100013123_L01_34_1_fastqc;VDJ4SQ
E100013123_L01_36_1_fastqc;V22M5I
E100013123_L01_38_1_fastqc;VK75TS
E100013123_L01_42_1_fastqc;VJ3CGI
E100013123_L01_46_1_fastqc;VB7VUW
E100013123_L01_52_1_fastqc;V247S0
E100013123_L01_53_1_fastqc;VB6RZH
E100013123_L01_57_1_fastqc;V2CRYT
E100013123_L01_61_1_fastqc;VHVL8E
E100013123_L01_62_1_fastqc;VC6G6S
E100013123_L01_69_1_fastqc;VBBUAG
E100013123_L01_73_1_fastqc;VCJBZ5
E100013123_L01_74_1_fastqc;V1EHS4
E100013123_L01_76_1_fastqc;VK38FD
E100013123_L01_82_1_fastqc;VDOZW7
E100013123_L01_83_1_fastqc;VIZEMD
E100013123_L01_89_1_fastqc;VG2ZKB
E100013123_L01_93_1_fastqc;VJ6ZX4
E100013124_L01_100_1_fastqc;VKYZT5
E100013124_L01_101_1_fastqc;V1M14M
E100013124_L01_114_1_fastqc;V045JG
E100013124_L01_117_1_fastqc;VHCR5N
E100013124_L01_124_1_fastqc;VBY3GH
E100013124_L01_126_1_fastqc;VGAIX6
E100013124_L01_2_1_fastqc;VC1QEE
E100013124_L01_25_1_fastqc;VGI7Q5
E100013124_L01_29_1_fastqc;VFESFK
E100013124_L01_34_1_fastqc;VC2CE9
E100013124_L01_38_1_fastqc;VH66Q6
E100013124_L01_43_1_fastqc;VEFRDA
E100013124_L01_44_1_fastqc;VK8QK5
E100013124_L01_45_1_fastqc;VC81ST
E100013124_L01_47_1_fastqc;V2TGVB
E100013124_L01_49_1_fastqc;VKFHE3
E100013124_L01_52_1_fastqc;MB26_H4
E100013124_L01_57_1_fastqc;VI7FAH
E100013124_L01_61_1_fastqc;VJYGTM
E100013124_L01_65_1_fastqc;VK6UPU
E100013124_L01_69_1_fastqc;VD98G4
E100013124_L01_72_1_fastqc;VDD3EK
E100013124_L01_76_1_fastqc;VDHWRV
E100013124_L01_77_1_fastqc;V218Q5
E100013124_L01_78_1_fastqc;V3DSSB
E100013124_L01_81_1_fastqc;VDTALT
E100013124_L01_90_1_fastqc;VFYJB2
E100013124_L01_94_1_fastqc;VEO8N0
E100013124_L01_95_1_fastqc;VHTW7V
E100013124_L01_97_1_fastqc;VFKGL6
E100013124_L01_99_1_fastqc;VBSSCF
E100013128_L01_101_1_fastqc;VH0PS3
E100013128_L01_121_1_fastqc;VETSHN
E100013128_L01_122_1_fastqc;VI4OSB
E100013128_L01_28_1_fastqc;VKUW8T
E100013128_L01_3_1_fastqc;VC1AJN
E100013128_L01_33_1_fastqc;VGWO5R
E100013128_L01_35_1_fastqc;VFA7TX
E100013128_L01_36_1_fastqc;VE8VBP
E100013128_L01_41_1_fastqc;V3PRGW
E100013128_L01_52_1_fastqc;VKX1SB
E100013128_L01_68_1_fastqc;VIIHIK
E100013128_L01_82_1_fastqc;VE3UMZ
E100013128_L01_83_1_fastqc;VDGX00
E100013128_L01_84_1_fastqc;VBQPVU
E100013128_L01_91_1_fastqc;V0BVU1
E100013128_L01_92_1_fastqc;VF13QQ
E100013128_L01_97_1_fastqc;VIYFJ1
E100013135_L01_100_1_fastqc;VRVQLE
E100013135_L01_101_1_fastqc;VQ6PCX
E100013135_L01_103_1_fastqc;CRC005_Fresh
E100013135_L01_104_1_fastqc;CRC010_Fresh
E100013135_L01_1_1_fastqc;VC7AA1
E100013135_L01_121_1_fastqc;CRC019_Fresh
E100013135_L01_122_1_fastqc;CRC020_Fresh
E100013135_L01_123_1_fastqc;CRC023_Fresh
E100013135_L01_124_1_fastqc;CRC025_Fresh
E100013135_L01_13_1_fastqc;VH96UL
E100013135_L01_2_1_fastqc;VY8V5H
E100013135_L01_25_1_fastqc;VKATX4
E100013135_L01_26_1_fastqc;VD6NXV
E100013135_L01_4_1_fastqc;V2ZAEY
E100013135_L01_48_1_fastqc;V2WX6R
E100013135_L01_57_1_fastqc;VFLZKF
E100013135_L01_58_1_fastqc;VHWRAO
E100013135_L01_59_1_fastqc;VB8SBT
E100013135_L01_65_1_fastqc;VHOB0F
E100013135_L01_68_1_fastqc;VKFJ1V
E100013135_L01_76_1_fastqc;VKS69N
E100013135_L01_77_1_fastqc;VZOC83
E100013135_L01_78_1_fastqc;V04J9U
E100013135_L01_79_1_fastqc;VE8NR0
E100013135_L01_91_1_fastqc;VI17SD
E100013135_L01_94_1_fastqc;V36VGE
E100013135_L01_96_1_fastqc;VDI7FO
E100013135_L01_97_1_fastqc;VWS2Q4
E100013135_L01_99_1_fastqc;VH91CT
E100013189_L01_101_1_fastqc;VI9BD1
E100013189_L01_102_1_fastqc;VB74PZ
E100013189_L01_103_1_fastqc;VF9LPS
E100013189_L01_104_1_fastqc;VER2J7
E100013189_L01_1_1_fastqc;VJALWB
E100013189_L01_126_1_fastqc;VOHZH4
E100013189_L01_127_1_fastqc;VIP6TO
E100013189_L01_13_1_fastqc;VCIDEN
E100013189_L01_16_1_fastqc;V25RI2
E100013189_L01_29_1_fastqc;VE83OQ
E100013189_L01_39_1_fastqc;VK0AS1
E100013189_L01_42_1_fastqc;VK62QE
E100013189_L01_43_1_fastqc;VG71B8
E100013189_L01_44_1_fastqc;VK5TCU
E100013189_L01_50_1_fastqc;VJY5KH
E100013189_L01_51_1_fastqc;V10WZV
E100013189_L01_61_1_fastqc;V05U4U
E100013189_L01_62_1_fastqc;VE0WMY
E100013189_L01_66_1_fastqc;VKGLOX
E100013189_L01_68_1_fastqc;V2NNDS
E100013189_L01_74_1_fastqc;VFXXKS
E100013189_L01_77_1_fastqc;VHIMG8
E100013189_L01_91_1_fastqc;CRC003_Fresh
E100013189_L01_92_1_fastqc;CRC006_Fresh
E100013189_L01_93_1_fastqc;CRC018_Fresh
E100013189_L01_94_1_fastqc;CRC021_Fresh
E100013189_L01_95_1_fastqc;CRC022_Fresh
E100013189_L01_96_1_fastqc;VDIDK8
E100013189_L01_97_1_fastqc;VGXMGU
E100013189_L01_98_1_fastqc;VFXVVZ
E100013421_L01_128_1_fastqc;VBCY6U
E100013421_L01_15_1_fastqc;VGHF2J
E100013421_L01_2_1_fastqc;VC6XD8
E100013421_L01_28_1_fastqc;VL3BNE
E100013421_L01_29_1_fastqc;VJSXFB
E100013421_L01_30_1_fastqc;VAHV7I
E100013421_L01_38_1_fastqc;VE0RG7
E100013421_L01_45_1_fastqc;V2D5Y7
E100013421_L01_50_1_fastqc;VF48GR
E100013421_L01_59_1_fastqc;V31FC7
E100013421_L01_60_1_fastqc;VFKY0K
E100013421_L01_61_1_fastqc;VCUZGG
E100013421_L01_64_1_fastqc;V1YEIC
E100013421_L01_67_1_fastqc;VF6LCL
E100013421_L01_72_1_fastqc;MB24_F10
E100013421_L01_73_1_fastqc;VDP9LB
E100013421_L01_74_1_fastqc;VDT6S2
E100013421_L01_79_1_fastqc;V3MKJX
E100013421_L01_82_1_fastqc;VAZ8B6
E100013421_L01_86_1_fastqc;V03ZU2
E100013421_L01_89_1_fastqc;VEOO72
E100013421_L01_90_1_fastqc;VJV4SA
E100013421_L01_91_1_fastqc;VDE0UP
E100013421_L01_92_1_fastqc;VGYWXY
E100013421_L01_93_1_fastqc;VK192D
E100013421_L01_94_1_fastqc;V0X3ZZ
E100013421_L01_96_1_fastqc;VDOFMW
E100013458_L01_101_1_fastqc;VGYSAU
E100013458_L01_102_1_fastqc;VB07CR
E100013458_L01_1_1_fastqc;VGZKT8
E100013458_L01_124_1_fastqc;VKOIVW
E100013458_L01_126_1_fastqc;V33DNK
E100013458_L01_13_1_fastqc;VJVR8F
E100013458_L01_28_1_fastqc;VI8VZ8
E100013458_L01_30_1_fastqc;VJ13TV
E100013458_L01_32_1_fastqc;V0DKRO
E100013458_L01_33_1_fastqc;VHH1W0
E100013458_L01_34_1_fastqc;VH3A20
E100013458_L01_38_1_fastqc;VFNDWT
E100013458_L01_41_1_fastqc;VHYUSR
E100013458_L01_4_1_fastqc;VJ2UBT
E100013458_L01_42_1_fastqc;VDCJGC
E100013458_L01_47_1_fastqc;VCIYWO
E100013458_L01_61_1_fastqc;V0IQLM
E100013458_L01_62_1_fastqc;VD3ZPR
E100013458_L01_64_1_fastqc;VKXVY9
E100013458_L01_72_1_fastqc;VFNUW6
E100013458_L01_75_1_fastqc;VFJRMI
E100013458_L01_76_1_fastqc;VFK4IA
E100013458_L01_77_1_fastqc;V1Y06F
E100013458_L01_78_1_fastqc;V137O7
E100013458_L01_85_1_fastqc;VDFRDM
E100013458_L01_88_1_fastqc;VCGY6Q
E100013458_L01_90_1_fastqc;V2VJWP
E100013458_L01_92_1_fastqc;V06KFU
E100013458_L01_94_1_fastqc;VAHMQF
E100013458_L01_96_1_fastqc;V0SB8J
E100013458_L01_97_1_fastqc;V0N1JE
E100013458_L01_98_1_fastqc;VAU4CW
E100013465_L01_102_1_fastqc;VGZ2B8
E100013465_L01_103_1_fastqc;V27TGZ
E100013465_L01_114_1_fastqc;V3IB73
E100013465_L01_115_1_fastqc;VGQMGR
E100013465_L01_1_1_fastqc;VGP5J1
E100013465_L01_122_1_fastqc;V8NC3I
E100013465_L01_125_1_fastqc;VIROJR
E100013465_L01_127_1_fastqc;VE7C2B
E100013465_L01_13_1_fastqc;MB20_E6
E100013465_L01_26_1_fastqc;V3276M
E100013465_L01_36_1_fastqc;VJTG9V
E100013465_L01_37_1_fastqc;VC70I8
E100013465_L01_38_1_fastqc;VAHF8S
E100013465_L01_42_1_fastqc;VEU3OA
E100013465_L01_45_1_fastqc;VKF7RR
E100013465_L01_46_1_fastqc;V124P8
E100013465_L01_50_1_fastqc;VG1FTY
E100013465_L01_55_1_fastqc;V4L9I1
E100013465_L01_56_1_fastqc;VGZJVW
E100013465_L01_61_1_fastqc;VDXV6K
E100013465_L01_74_1_fastqc;VF8KUM
E100013465_L01_75_1_fastqc;V0YSOI
E100013465_L01_79_1_fastqc;VHOSFY
E100013465_L01_86_1_fastqc;VKQCV6
E100013465_L01_89_1_fastqc;VBMTCI
E100013465_L01_91_1_fastqc;VG40EF
E100013465_L01_95_1_fastqc;V0O0SI
E100015864_L01_115_1_fastqc;VCOA77
E100015864_L01_117_1_fastqc;VI8KBK
E100015864_L01_1_1_fastqc;V2O8PG
E100015864_L01_125_1_fastqc;VJ3ILR
E100015864_L01_126_1_fastqc;VC5RY8
E100015864_L01_15_1_fastqc;VKR391
E100015864_L01_2_1_fastqc;V1JCFD
E100015864_L01_28_1_fastqc;V1CI71
E100015864_L01_3_1_fastqc;VE81X7
E100015864_L01_32_1_fastqc;VJX5RM
E100015864_L01_33_1_fastqc;MB07_A5
E100015864_L01_37_1_fastqc;V35YLP
E100015864_L01_41_1_fastqc;VGZ2XW
E100015864_L01_4_1_fastqc;VGZMGK
E100015864_L01_42_1_fastqc;V349J9
E100015864_L01_43_1_fastqc;VKVAYI
E100015864_L01_46_1_fastqc;VKXDBA
E100015864_L01_55_1_fastqc;VKUB0K
E100015864_L01_59_1_fastqc;VL2QXV
E100015864_L01_60_1_fastqc;VEZWOK
E100015864_L01_67_1_fastqc;VBPRL4
E100015864_L01_71_1_fastqc;VKVJGH
E100015864_L01_77_1_fastqc;VKAE85
E100015864_L01_78_1_fastqc;VB930K
E100015864_L01_80_1_fastqc;V0LIS3
E100015864_L01_84_1_fastqc;VIBDJG
E100015864_L01_86_1_fastqc;VFRA8A
E100015864_L01_90_1_fastqc;V1FYCG
E100015864_L01_93_1_fastqc;VHRRQX
E100015864_L01_95_1_fastqc;VAPK0E
E100015864_L01_97_1_fastqc;V16IAN
E100016707_L01_100_1_fastqc;V2KKNM
E100016707_L01_103_1_fastqc;VFJPCF
E100016707_L01_104_1_fastqc;V0XUBQ
E100016707_L01_116_1_fastqc;VH24V1
E100016707_L01_121_1_fastqc;VGU4S7
E100016707_L01_125_1_fastqc;V26SW4
E100016707_L01_126_1_fastqc;VDNKH2
E100016707_L01_127_1_fastqc;VHR2QB
E100016707_L01_128_1_fastqc;V38PS1
E100016707_L01_13_1_fastqc;VFHHQN
E100016707_L01_15_1_fastqc;VJZ9UB
E100016707_L01_16_1_fastqc;V2O859
E100016707_L01_2_1_fastqc;V010T4
E100016707_L01_25_1_fastqc;V0AID4
E100016707_L01_28_1_fastqc;VCCWF0
E100016707_L01_32_1_fastqc;V3NRFY
E100016707_L01_34_1_fastqc;VCMFXW
E100016707_L01_35_1_fastqc;V1EITB
E100016707_L01_38_1_fastqc;VGMLUK
E100016707_L01_44_1_fastqc;VEZ7YW
E100016707_L01_45_1_fastqc;V1PK1B
E100016707_L01_47_1_fastqc;VBYRB8
E100016707_L01_52_1_fastqc;VB6V0F
E100016707_L01_57_1_fastqc;V3I3CS
E100016707_L01_59_1_fastqc;VHEUF9
E100016707_L01_62_1_fastqc;V35QEW
E100016707_L01_63_1_fastqc;VH9C80
E100016707_L01_71_1_fastqc;VDQ78F
E100016707_L01_72_1_fastqc;VGAK8X
E100016707_L01_75_1_fastqc;VI72RB
E100016707_L01_76_1_fastqc;VD6OKK
E100016707_L01_77_1_fastqc;VJPT4S
E100016707_L01_78_1_fastqc;VCXEFC
E100016707_L01_79_1_fastqc;VJCXCZ
E100016707_L01_80_1_fastqc;VE4MQD
E100016707_L01_83_1_fastqc;VBU4D1
E100016707_L01_86_1_fastqc;VAR95B
E100016707_L01_88_1_fastqc;VJTG9V_2
E100016707_L01_94_1_fastqc;VC2J94
E100016707_L01_96_1_fastqc;VDOUU6
E100016707_L01_98_1_fastqc;V06SEH
E100016768_L01_104_1_fastqc;VDA8RQ
E100016768_L01_115_1_fastqc;VH7C06
E100016768_L01_1_1_fastqc;VB9SQ9
E100016768_L01_121_1_fastqc;VDNPG3
E100016768_L01_122_1_fastqc;VIXA7S
E100016768_L01_125_1_fastqc;VI4E6Q
E100016768_L01_13_1_fastqc;VAT1DQ
E100016768_L01_15_1_fastqc;VF5J2H
E100016768_L01_16_1_fastqc;V2TSIZ
E100016768_L01_2_1_fastqc;VHYC0R
E100016768_L01_26_1_fastqc;VK3GPR
E100016768_L01_28_1_fastqc;VE6LJ7
E100016768_L01_3_1_fastqc;VFSPEO
E100016768_L01_32_1_fastqc;VHCS90
E100016768_L01_34_1_fastqc;VHISYH
E100016768_L01_42_1_fastqc;V2144Z
E100016768_L01_49_1_fastqc;VE3OSU
E100016768_L01_50_1_fastqc;VIYDGY
E100016768_L01_51_1_fastqc;VEDG1U
E100016768_L01_53_1_fastqc;VC81G5
E100016768_L01_56_1_fastqc;VCUCNM
E100016768_L01_59_1_fastqc;VGDIMA
E100016768_L01_68_1_fastqc;VEZUDR
E100016768_L01_69_1_fastqc;V2PIKN
E100016768_L01_72_1_fastqc;VC7Z51
E100016768_L01_76_1_fastqc;VKEUWG
E100016768_L01_77_1_fastqc;VHYZ1R
E100016768_L01_78_1_fastqc;V1F5KO
E100016768_L01_81_1_fastqc;VHSOYZ
E100016768_L01_88_1_fastqc;VI8ISR
E100016768_L01_89_1_fastqc;VGTB48
E100016768_L01_92_1_fastqc;VKFG0Q
E100016768_L01_99_1_fastqc;VI5PHD
E100016770_L01_100_1_fastqc;MB_FIT022
E100016770_L01_102_1_fastqc;V0VB50
E100016770_L01_104_1_fastqc;VISP6H
E100016770_L01_115_1_fastqc;VF7XWT
E100016770_L01_1_1_fastqc;VKC8SA
E100016770_L01_123_1_fastqc;VBT9YO
E100016770_L01_2_1_fastqc;VCOOJY
E100016770_L01_25_1_fastqc;VGCPDM
E100016770_L01_30_1_fastqc;VKJVLJ
E100016770_L01_3_1_fastqc;VE8FI5
E100016770_L01_34_1_fastqc;VFPGHQ
E100016770_L01_37_1_fastqc;V1QE01
E100016770_L01_39_1_fastqc;VFT4Q5
E100016770_L01_4_1_fastqc;VAJ380
E100016770_L01_42_1_fastqc;VATUIC
E100016770_L01_45_1_fastqc;VC9XZ6
E100016770_L01_51_1_fastqc;MB22_E10
E100016770_L01_52_1_fastqc;VJGNWG
E100016770_L01_59_1_fastqc;VKLE3A
E100016770_L01_66_1_fastqc;VEC8FW
E100016770_L01_68_1_fastqc;VFZRX0
E100016770_L01_72_1_fastqc;V2906Q
E100016770_L01_75_1_fastqc;V2PGYS
E100016770_L01_83_1_fastqc;VJEFJG
E100016770_L01_91_1_fastqc;VI7GET
E100016770_L01_92_1_fastqc;VDSGZC
E100016770_L01_94_1_fastqc;VFBW1M
E100016770_L01_95_1_fastqc;CRC004_Fresh
E100016770_L01_96_1_fastqc;MB_FIT006
E100016770_L01_97_1_fastqc;VFSO8C
E100016770_L01_99_1_fastqc;MB_FIT008